Alpha,Beta,Gamma,Delta,Theta,Label
10.993428306022466,11.498388591465005,3.987232587538428,9.276577326367827,5.273012790070132,1
9.723471397657631,10.311584207281921,4.783221993926723,12.418844967661494,6.937593022121832,0
11.295377076201385,8.149075924800435,3.811370118500058,13.759183399735067,7.036033744088893,1
13.046059712816051,6.382658055736066,4.53805770554144,20.66306297202057,7.945260691686811,1
9.531693250553328,9.745558284033974,2.1595779995693216,16.669659373601274,4.266283273438347,1
9.531726086101639,8.983713463554373,5.319940561059408,10.993555292700325,8.18513454769466,0
13.158425631014783,10.237983050069332,5.001808213043336,16.45810886825291,1.5912167367944496,1
11.534869458305817,9.587929504204924,3.774367053397714,10.358088033184902,5.740230895272379,1
9.061051228130095,10.623881788298338,5.988868502648607,18.24807316166122,6.023452315096911,1
11.08512008717193,6.66191197109858,6.406355206439837,13.586626044546364,8.266653652142477,0
9.073164614375075,11.293485164085814,2.5886602034465387,14.719091433782488,7.045261705353738,0
9.068540492859487,8.493999011730999,3.8559128321506786,18.97738994262657,4.188873892287427,1
10.48392454313207,13.188152181563163,3.8462864753190527,11.13850929424725,5.0300137483659695,0
6.173439510684404,6.27703045477608,3.590145348336703,10.808645444661027,7.397360019094814,1
6.5501643349739345,12.339909507913124,6.244212262897623,13.249202020961985,6.841865316270887,0
8.875424941518055,8.494776958656619,4.709260791840794,18.11513655305795,5.841751780728507,0
7.974337759331153,6.371454990963879,4.603227738034084,10.441961773569473,6.038332420976041,1
10.628494665190548,6.790285414864196,1.9942064533898698,6.503533205668294,8.392335994318579,1
8.183951848957578,7.1991317295142,5.95312704531384,13.646523424773005,5.964614854261571,1
7.175392597329417,9.060414866004791,3.141112407719791,16.65522239973276,6.823817511941853,0
12.931297537843108,9.30708872008875,5.089898945399493,18.600785249216486,11.339873176161085,1
9.548447399026928,6.565749990153552,5.416065406937287,13.610515913743804,4.152634726232154,0
10.135056409375848,7.939113519347543,7.040987893757976,13.765720178651993,3.2963145368506828,0
7.150503627573086,13.35567589652966,3.0367694013213318,18.461702202767242,8.567179329597213,1
8.911234550949635,12.318857925251779,0.470731766268762,9.390774900913739,5.6427138774117935,0
10.221845179419732,9.09080917418508,5.2757743171305425,13.834437674450973,6.36352494451476,1
7.698012845155395,8.0950086954205,7.700766772266281,15.571271669775173,5.437687243737772,0
10.751396036691343,8.300078316795654,6.858419529409156,16.347656163855103,6.480399718464975,1
8.79872262016239,9.53379493182604,5.314489122911938,13.470579920427353,10.197076224192683,0
9.416612500413446,5.443018587003986,4.262545721551929,15.103323035117524,8.604256917236238,0
8.796586775541206,7.356558656441637,6.210683894955966,7.5350179397610315,8.724447023773955,1
13.704556369017876,3.8285398153060264,3.539680700443297,13.025254762998454,4.167545888414709,0
9.973005550524132,8.998057806513199,5.714536654034329,16.360526137663403,4.6976925268942615,1
7.884578142088199,9.617989849256853,5.75820523874994,12.05311789723596,1.3218426810291461,0
11.645089824206378,6.792033844251565,6.59031486124832,15.176952664768793,5.3812383578344924,0
7.5583127000579555,11.934966908225082,9.139490058366617,16.340617502408094,8.913406372771316,0
10.417727190009511,4.935585842494147,5.5886239507681506,13.972352397426706,8.033893031496742,1
6.080659752240448,4.33906279947545,4.236554561438751,15.511391312989712,6.556973474095752,1
7.3436279022031385,8.56112954639993,4.961638531712008,12.111802304146163,6.955399432563894,1
10.393722471738247,10.617745756530386,2.3463861426663226,14.38016616091186,5.622228914849189,1
11.476933159990821,12.209819228644673,3.9579303033664126,16.830648508767666,7.409517764803568,1
10.34273656237994,6.85278934282765,4.386076342830344,15.470918882905302,8.531756558961229,0
9.76870343522352,10.69670208357824,4.213867403098111,13.240406191308193,3.7682264251790545,0
9.397792608821423,7.903728826248232,5.228532308050583,15.672649212872379,7.599295375674696,1
7.042956019265145,7.568431750147951,3.7663701014266993,17.143829371909852,8.864869741909335,0
8.560311583210582,10.20914984371668,6.681546000986707,8.850176164267566,6.169799422073261,0
9.078722458080424,9.63080719603355,5.000310597377296,18.477222194867693,8.401401224241168,0
12.11424445243783,4.059019607539376,4.986049518292078,13.991235783956784,12.629308888945106,0
10.687236579136922,11.69135087431474,4.508157925230623,16.27646979972069,6.791314414026216,1
6.473919689274532,11.450228385368629,5.232786025788469,18.591740770935683,7.786614100010647,0
10.648167938789591,6.436093246226177,6.237647397001452,10.884978908308602,5.523885832677217,1
9.229835439167367,8.989508833593522,3.6993046764336492,12.87167699271736,7.362502325204101,1
8.646155999388082,9.235075465706847,4.012825266387115,14.134353912372886,7.920543249964608,0
11.223352577681736,8.651684414559767,4.544410956835003,12.648739436626716,7.3896846805402765,1
12.061999044991902,6.62423711538645,2.9811936147901776,20.204809727510426,4.9606093605822865,0
11.862560238232398,6.320941580154871,3.771113210417753,12.429683718519621,7.412723542650902,0
8.321564953554724,7.936114822521387,4.285668689683011,13.3333596615394,9.924391877435273,0
9.38157524829757,10.93182254814841,6.311583771069092,15.61316709480893,7.897271529029054,1
10.662526862807129,9.35900038648608,5.393841993502887,11.393551421771733,8.923974378143683,1
11.951090254244718,7.073464169784735,5.2903848670513165,13.812957864731208,6.525976059974744,1
9.04165152430942,9.929246776620861,6.2763469432519585,15.952359783750525,8.49980047884742,0
9.628682046672365,0.8786434484248113,4.793942317400905,14.001418786852467,7.558535676433052,0
7.787330051987944,10.871914250930258,5.5856972748933345,14.719839423300154,5.098178540625536,0
7.607586751838658,3.6507155530547513,4.8451673706012555,13.412003662654888,7.637042009597749,1
11.625051644788396,7.093897646492169,5.398043524099442,10.4565890724577,5.016606673119379,0
12.712480057141645,5.20082526343464,4.125862013582627,15.964779634017717,5.734239450230416,0
9.855979756839332,4.7632963106977355,1.3417742625853561,20.264799214941725,7.378656614584748,1
12.007065795784047,10.902066968446299,4.798581256720544,15.055204892350314,7.594488546760248,1
10.723272050095268,6.830746996720272,7.13412220414991,15.675792351742649,4.621535069845741,1
8.709760490789751,8.86625970432679,6.389323103362388,17.078168265350577,9.107971542365753,0
10.722791211016828,7.88269855280204,6.448096226886756,11.192008510359901,8.144012556600945,0
13.076073132931938,9.192602068057804,6.854196082709327,20.10754397438882,5.590543128778233,0
9.928347921780096,8.192054727650639,5.132986386442156,15.606986389268407,3.9248304071016493,1
13.129287311628012,4.792519439528576,5.295973561108394,19.895570697267328,6.710190841837138,1
4.760509791820511,10.49066704861785,4.073522156848474,12.800901013428032,6.10811257227768,1
11.643805008750448,6.765608542096719,4.5258907159594255,20.454185767673472,7.226280914106046,1
10.174094136476343,4.108545253350623,5.923656724656713,17.32546648210435,6.273766677688867,0
9.401985299068265,6.9297120975852184,6.805826655753224,16.659120257557074,2.9850862785099803,0
10.183521553071005,11.751899476585777,4.790830586478501,15.702073363059444,6.223306123397683,0
6.024862170798214,10.125554355283732,4.324716102722883,14.254414145776652,6.388761777863374,0
9.560656224324976,7.128369663980352,5.0007919382848955,18.60159497542162,8.267322049548117,0
10.714225143023492,7.126855739203928,5.901810123393672,15.42107960954414,5.603600650777901,0
12.955788089483033,7.195912371956544,2.8342177757996874,9.098790889238543,10.357349346745131,0
8.963459563452705,13.191869958902103,1.5557285702941428,11.648440614878993,3.176718898696486,0
8.383012794213625,8.954838630578884,4.174194725762625,14.442462743421759,9.622334995605248,1
8.996485912830927,9.075104117977673,3.168931361128762,15.929996949496665,6.55136205824379,1
11.830804235404148,10.575708635079605,4.2377897035290335,14.830234533300313,8.719169744687113,0
10.657502219319369,8.596972897566284,4.778329521773792,18.65691236938099,7.159602968117466,1
8.940479592465923,7.352394635448242,4.3201273864654794,9.146694407884127,9.279111072050938,0
11.026534866226712,7.509125377287554,7.178701301706118,15.430763809515481,6.2252760708943775,0
10.194155098696081,7.82099685146484,5.49011714690348,9.546062323838536,4.802759149644375,1
11.937289981065778,7.906944408725396,5.450711539416242,17.279136886452505,9.841008574542126,0
8.595893812245295,9.81907385909245,5.933310716065103,14.716623856673992,6.773038708235718,0
9.344675706804464,8.129864714518249,3.2917503233288463,16.258829916072354,7.443116947248421,0
9.215783693735684,9.831600193038948,6.558667681130403,12.408351118230701,9.46950382808959,0
7.072970103735763,7.798208549728544,4.88635357019681,18.838394794973254,4.93608951581113,0
10.592240554129152,8.196587975790226,6.005720925861819,18.125173992176553,8.190981795278514,0
10.522110544359778,3.0044982886697307,3.392214150439767,16.750632909035662,5.820210487074219,0
10.010226913284923,10.290819186756204,2.6693618509759034,14.611448259409677,6.735661288711256,1
9.530825733249706,8.866221189744982,6.226834487037543,16.739571855885398,7.144557930768578,1
7.1692585158991715,10.49502527464913,5.564614289146275,12.879322296037953,3.999556277106128,0
9.158709354469282,0.7593615545157766,3.646922668463734,17.566666977062138,5.442325914359131,1
9.31457096694646,13.220936761951819,3.6955053780879585,19.948442682971763,9.702145784826278,0
8.395445461556761,7.651025929612065,6.688152176622154,18.21183167993756,8.772382377169592,0
9.677428576667982,10.770457041843791,3.2158821606990085,12.811192590577772,6.87472084534553,0
10.808101713629076,5.400235182186172,7.464009429883945,16.084251951819308,7.486246917025786,0
13.77237180242106,9.531934762656425,3.649068898028197,11.120575368724056,6.411514988727085,1
10.349155625663679,5.36646109206586,5.957587888412575,16.717170933527026,9.713166771655963,1
10.515100781445529,6.440577598260488,4.507072286376523,16.351810238587618,6.599294844411673,1
9.851108168467665,12.785078384666965,5.904781146623515,9.390550981403507,7.463684184269696,1
6.1624575694019175,7.523293998091633,4.183828996828711,11.514648468262909,9.29206028828413,0
9.946972249101567,8.543582182949308,4.755810640891559,14.150583309768699,5.445257030308187,1
10.120460419882052,10.175169326721885,5.061378763093582,14.09742075857752,10.117578368993788,0
14.926484224970572,9.23920471993151,3.4967188163277907,11.371569193743584,3.9390771805132463,0
9.615278070437755,8.376047262858942,6.111236518130189,16.16693618805655,10.259284262225597,1
10.603094684667225,8.912402506165563,4.230179650292622,15.754420826821537,6.254648832096051,0
9.930576460589513,14.008538963095688,4.657100126989972,14.417192604064443,6.514602504349437,1
7.6626439247609355,7.855953007416036,3.5084759380872317,12.73262549952491,3.219979657634114,1
12.285645629030041,8.502747616787419,1.1564995118070343,18.146121379249692,6.090410565244614,1
11.503866065373549,10.62663599001903,4.713458356099746,19.966221339264884,4.9203869379462315,1
11.582063894086094,10.76381483239496,8.618923132419374,13.549315548460388,5.784707309253054,1
8.181225090410521,10.96757576390095,6.176906431847035,13.163499248535537,6.72537806842224,0
12.805588621872198,9.59682555507296,4.971109430398408,16.47362299623599,8.915583228945811,1
7.196297874415438,5.142487718173792,4.605663756187599,13.925911860759042,7.415206702801251,1
11.17371418760054,12.083578830752739,5.0336988392180695,14.581808398010297,7.615353306802228,0
14.380911251619956,5.13413651745328,5.820678672762815,17.218959455174016,4.808961222308875,1
8.018927349738624,8.756588663097583,3.2287807770367327,9.271931737478122,5.23849182079454,1
8.867404540794457,6.1143103749516055,6.671482542003308,18.954906974558007,10.597450036702623,0
10.199302730175283,7.839654133517518,6.073071973161866,15.218041572988025,5.529597930473507,0
8.993048691767601,8.8219060257587,6.077278588561901,13.765520566313459,10.31241650411459,1
6.898673137867735,8.803393038625682,5.657713608214591,14.732297537335652,6.513877602238267,0
10.137125949612054,9.054801885588212,5.029424986540985,14.887288065061556,7.004575872287008,1
7.87539257254779,12.034278172646617,6.00929185395023,9.806396089665224,9.14073032045986,0
10.947184861270363,9.13383575378495,5.887721200612067,19.48481468235971,9.543784843877313,1
8.161151531532393,7.389608411773378,4.468938933588464,15.123976896811856,6.778374879441825,1
13.09986881003508,10.410217920720893,4.139597340654649,16.329006391342126,6.223513892956922,1
8.433493415327526,10.973676222311601,5.15278444289298,17.854649311722127,6.888159102955574,0
9.35587696758865,4.930980462157519,7.323530227242781,11.9365126273191,7.675915056464237,1
11.62703443473934,9.493500174624645,3.1413393865191486,16.420415697105685,8.782607373739511,0
7.53827136713209,9.752931855777245,2.79871210137134,14.19707672730362,7.008459717988303,1
10.45491986920826,7.2560912416000205,5.247141261854775,17.54031232564948,8.237772596046307,1
12.614285508564857,11.439267033279048,5.076331552784027,8.618317738945514,10.276719464541882,1
6.785033530877545,7.624861032418683,5.260012496555612,14.702717099276192,7.762619224529569,1
10.36926771706461,8.313941133678856,5.36592979686275,13.191538032648115,7.623305712009556,1
10.519765588496847,7.567320439290326,4.665196618047792,16.296788851902466,3.9621783498198644,0
11.56364574355462,8.038947618953669,7.2347951579031236,16.410132562104607,1.7385397263418731,0
7.526098578243836,5.259312282761996,2.5986440322852267,12.87712231553392,7.776751458460336,0
7.359086773831447,4.399872793514264,3.757254462829631,12.86347840747187,6.8103515374382555,1
11.043883131233795,11.98626265806243,4.845117859776429,14.668003894328011,5.970434650170516,1
10.593969346466372,5.882596629204181,2.535216783268749,12.310073318054375,7.487060408372689,0
10.500985700691754,5.521519126359232,4.736218393351893,17.52595108635638,6.879192541606184,1
10.692896418993952,2.616524715990713,7.492205248592027,13.892378398657662,9.255560501267798,1
8.639950556843019,6.402595630776244,5.031329732443942,6.279035342035076,7.1722217365179555,1
10.464507394322007,4.692275516481255,5.346051358578025,13.875533830134582,5.506153429859665,0
10.586144946597363,12.105037900340923,3.1097528522411295,11.884368537468083,8.980332477918578,0
8.571297163947264,10.524542723356586,4.075457887940784,10.106172553617164,6.565737850107595,0
13.731549022289514,6.2796241370556904,4.437205429514094,11.287720085332282,8.053073367344615,0
10.947665841823575,13.631089513360772,4.523427354865649,15.32822541549891,6.045178587614399,0
7.617393005594703,10.454413717478985,6.922465692505654,18.985922484744695,5.700346229005127,1
11.31310721726766,7.187921541228444,5.836536591087687,15.93955342159494,7.168336460371393,1
8.050636659545358,1.7514857128160672,3.3328130645944523,13.18048983535278,7.025657287087371,1
11.574169207484903,13.727356431476855,5.369757167648007,16.36771258551211,7.9596540707336665,1
12.317191158014808,4.52606883309101,5.747332622745178,13.622729069343025,6.462708493380515,0
8.358635363296578,3.8865031326077704,6.7102235577819,12.916198892510566,3.3272804324592054,0
11.926752258488644,10.556426080024101,7.37081102985256,11.536911995301047,6.1344522328232225,1
10.825561853872996,14.099381015848182,3.477358712258197,9.744513579744844,8.587636934287632,0
11.64412031998898,11.460682046276295,3.7837137331844928,13.830228880321664,6.405247841513787,1
13.793585965307894,9.409772800130899,3.1136332116280756,15.474160469760395,6.507233194970904,1
9.509223767994259,9.486885854163216,4.6489702113395275,14.710128989955331,8.972753011811875,1
8.492527671285021,10.13353889695077,5.699537561669501,13.752099216157925,5.5760535454821545,1
8.220971140748954,9.897321474466914,6.481001774883653,12.162761817909656,3.9143935635142006,0
8.368379430069123,8.702978559923439,4.886073464536216,16.824738575054905,6.678737760949011,1
9.845796581171792,8.26050275987969,4.520228715117734,11.048604240160245,6.031652097502526,0
10.682303949633289,7.843517180251194,5.227636988373111,17.328083741530428,5.067507360493492,1
10.553381598660039,6.11508852783331,3.7472856475549654,11.993348943219825,6.649243088202619,1
11.654366498072047,7.298312307833065,8.13430808254216,12.742694287940896,7.983011294493568,1
10.026003783755813,3.7676079645115363,2.588508459322912,10.599644428152969,6.981422876864369,1
12.907068154314633,7.7541509330131255,5.277110868343587,13.49579355934309,7.613962145372476,0
9.470686333524087,5.5285222321227065,8.035409328844459,17.925937375433936,10.626815397030846,1
15.440338333179238,5.2410267069605725,5.010199766839997,16.54688426533187,6.314242276884872,0
11.251334695530012,8.449735377883696,4.7149414474977585,17.935266336084105,7.556697269289339,1
8.285684887167434,11.480005715861498,4.463831865784359,16.56642763780181,5.981573274801731,1
7.858215003877776,10.295791515005781,4.729412477356388,11.688990514408893,5.307280560226054,1
10.96494483048637,4.073748490942057,7.059272712014796,14.007632327017328,5.83018469316446,0
9.553074429348298,5.525929658574157,1.6822071330057398,12.659402612647611,6.042482856956623,1
11.428000988184184,10.35192796997054,7.300150551944489,18.99172471211712,7.718951595094251,1
10.94647524914709,5.543781516154226,2.864064271324782,11.409634060721064,11.698151573401514,1
9.854342174686254,7.4384171250074385,4.600021506148378,17.681093068167332,5.567913127448319,1
8.30641256386319,9.37513024756138,4.3561333695520075,17.678861610326308,6.166749388769075,1
6.970305550628271,5.579138862840912,5.88282990465608,20.48886060514826,6.873753973777504,0
9.106970095865957,8.2634387653649,2.6028134721743785,13.770940222111507,7.791597697419494,0
11.712797588646945,4.664936262704488,5.693258999122914,17.136966478740487,7.52710162390957,1
10.428187488260408,6.496580890121965,8.036464434930279,21.84495550961653,9.568191587896234,1
7.508522442576024,8.799454835356343,2.9552389931107843,13.14707496919891,2.1472158589295836,0
10.346361851702364,4.0175156661708264,5.284559251415594,10.39487925740292,2.2261402596086546,1
10.770634759457673,9.101186844900997,4.007026733305087,9.35996989827671,6.008243655979701,0
8.232285127597734,7.950905502683297,5.638830809289553,17.138136086583994,9.194600375087418,1
10.307450211891055,9.381224886042869,5.028721666123628,9.350549375824249,3.8687039367888074,1
10.116417436892,8.559785335161653,4.037769636433536,13.883042841186231,0.9847353206124856,0
7.714059404338753,11.41035107493461,5.7318084273066106,16.311939561116883,8.142358812438417,1
10.715574720696566,8.313061256619768,7.7065221646801145,15.555526610489743,7.487314447405429,0
11.121569052736469,6.926486147186868,4.713644312409052,16.276334592552516,4.8195831864011405,0
12.166102486350553,8.305743757580709,6.079636913222273,15.666869567402562,5.02892079855814,0
12.107604104069805,9.35824507259097,3.0600905631932545,18.836597439940178,5.060512560730651,1
7.244661264085818,8.12215017581426,3.565345434772987,12.14305085778361,7.22107063494788,0
8.124349920169754,8.101479228009707,5.7086094168205666,12.969014584624407,5.747369447633986,0
11.03007053441732,6.245020780483111,7.226174042803947,12.682021664187527,7.98812783795104,1
11.027571901824418,6.34274770612263,5.53342002317849,17.49057543558783,1.290746674191218,1
11.030095372612095,4.493486820500767,4.530412954215269,17.70119576518519,5.286296269744401,1
17.70546298130944,12.373941857967349,4.998937108135031,16.353675957955524,4.7478920781779,1
11.141781021386334,4.890341911521787,3.124388399045424,18.550481000669784,6.487318643255016,1
12.271131280361198,6.267737005510232,5.90677298953305,11.465877397870859,5.923904483019723,1
11.908003526986406,6.2039818360770065,6.3234995934851135,20.00167233465341,8.595687559791534,0
11.302782502611596,10.237310942361104,4.3218645007503795,19.569715865136775,3.281326456679885,1
9.369461510719308,7.2626258042699305,4.294936778360748,17.20686599173724,7.090982952661504,0
11.517938440986535,11.119355181684334,5.398817344478073,20.34539672631318,8.11667284642341,1
8.454349570924856,6.316273439390329,4.3449203959391065,10.030130376966678,10.71329487312391,0
9.526362786519982,8.697485405559505,4.900801078061266,13.426655591212045,6.03646805781305,0
9.029272904341793,5.911632366850607,8.149582683749774,12.794089617954143,7.6489172087050346,1
10.163748278772646,13.36287281943347,4.629461448881005,17.16443797127203,3.39227441487527,1
14.629317133347017,5.031003952426218,4.462489771968166,11.849577781193563,2.2160875913739524,0
6.265469614816504,8.774551775567568,4.028687291547262,17.272485448012457,8.6895487515634,1
11.372520380749027,9.584442202330246,6.116287957249905,19.111608431990142,6.9888794127038585,1
6.774568257620697,9.034497743628746,4.728163740172845,17.085608700252,9.357025379596845,0
9.056136268421133,7.536780852805729,4.025940442517861,15.851253070984503,4.253194222060502,0
12.177901193934732,7.6754482506664345,6.9819560484095184,12.036379977297752,8.039804279057504,0
10.128560038190926,8.109528679947774,7.129404506770456,12.459447101623907,10.737635681087706,1
7.844510444141388,7.632494995928779,4.099364651391943,18.74885671589,7.839411216714532,1
8.569392581480063,10.409697791987274,2.2001900729590758,17.338047011715997,7.5531630111820975,1
11.35919549786935,13.526307503978378,6.511270534755383,14.882941441867368,7.0171121616487,1
8.539266736565727,6.606270537480416,3.973055261359994,13.746271362702329,3.8582370857481756,0
10.43291717916395,4.575492551052306,6.1859383987441525,8.92257638066587,9.711145871420696,1
10.091143679807628,7.779294879121863,2.044844273432247,11.787442743946684,5.778284720389868,0
8.696799304788366,14.449273344135797,6.338896007448964,20.73425726141917,8.008966512766033,1
14.28788817865065,5.990813580075673,3.1832421060788283,11.1586332869926,3.873931386857493,1
11.267838044636022,12.097792013610169,6.096146178599787,15.568439463663243,4.641080670984439,0
5.949714826684786,12.194252035191102,5.021409601754651,18.022331919585596,9.87017479844447,1
10.372908629538856,6.616029395730013,3.5690908709050326,11.235231995993122,6.305395422084314,1
8.676427070463223,9.422457697963189,4.389445530609829,15.55413142434325,9.90655095208509,0
11.704866669592448,12.070991557821344,6.029477685435051,17.813746612531965,6.843538681882964,1
8.4149585231346,7.052180647531282,5.158841679672851,15.037497965721752,3.316204454084285,0
9.770527117066202,7.491049099744096,5.876619470708726,23.605209167000304,8.78413519946344,0
11.009974557960915,6.545797715128391,7.9646608767732285,9.994202223365415,5.820215364488784,0
11.731510388340244,5.463108173267833,2.653637582433423,18.176185589651638,8.397377627034087,0
7.599407185888447,6.376806137334983,7.425818862452935,14.481594787810607,7.050421735080164,1
9.330997528318104,4.940149333094359,5.156533906284819,17.315760464510024,3.9137635441142593,1
9.050109377678087,8.085208670648065,3.6518239275153075,16.32392145509774,7.328589530741138,1
8.693341534852577,6.075066922353395,3.0045295613915153,12.800531408670011,11.3924462843056,0
13.530908480562193,8.58446477947687,4.71631941383445,15.68698917737802,7.985972917028919,1
10.80996342192191,4.110260884490932,6.382475167886689,9.426295645805139,6.884964493989074,1
7.478232091329909,8.827200580536143,4.808676319433698,16.809742501714183,9.150686803913796,1
11.835723894109552,10.083822404022312,7.2667323953710214,15.894475397971577,7.4213369304062216,1
14.244312394025266,3.0156608935713614,2.823236464922662,16.91598050592931,7.4190684605255885,0
12.064930521102294,8.93514142461893,4.981866578230918,18.17435497526145,4.816749655681795,0
6.961260068091973,11.06917248118323,3.1214098333803215,16.10285952062913,7.467696051579197,1
9.031531854267497,4.975897453271987,5.545447823937452,15.444268259394828,9.070886832833889,0
12.533822298373245,12.181430967094258,6.33033108514595,12.356794990016123,5.327875695799951,1
8.584661068762438,9.047547523415114,4.36885730947842,12.863337709052846,9.848991642493896,1
10.887638856292456,6.237470360603978,1.0936792150592987,18.560203860531992,6.816587951709748,1
11.549268106858673,7.860577305855735,5.298422220194742,19.309006217117936,5.224460976922918,0
8.146139056843834,9.395817281304305,5.655107827600264,14.285668691063838,8.99526415384049,1
9.8809492878764,8.190013478531029,5.606442132442546,15.138008241759822,6.426411528523461,0
3.517465319861855,9.346889981115924,6.853673287733232,12.286156875018701,8.519029774972216,0
7.951224717331421,5.698316017301584,3.393419480526427,18.518270535802333,6.4164827354829255,1
9.49486369721368,8.423402060090195,6.020324158175674,16.996250471075335,6.880347712940193,0
7.504433636070301,4.46571375773755,6.7887612687169625,20.82365230939125,7.987120408668583,0
13.26482260786327,7.721934846628249,2.3321186239902247,12.365030768460784,7.581794115180012,1
7.139717244078735,5.7402308963380255,5.479477738878466,13.865976302945349,3.008936439096523,0
9.119911026606033,6.1611751435255835,4.243730253488493,15.694337767576718,4.7575125198112165,0
10.261481154572182,11.090232938026094,4.877715990347531,16.93946861317731,8.858819969581631,1
12.882546578132231,10.728275301485672,5.5215147253075045,14.352997087357103,6.735726822196906,1
7.128275697641121,9.522845302267942,4.2691571538296715,12.381116728638899,5.952537394457156,0
12.32632750430992,5.269218088318553,3.986437881257582,17.644222586770713,4.282851969485051,1
10.020466122039174,7.208978875762996,5.051228626232037,17.163406087636744,4.840527357448304,1
8.036982697904097,11.032744249947958,3.369131091705796,12.251177698308826,2.956402720076105,0
10.92420694852654,8.354292284099762,3.3712623066722216,19.066328403316486,6.797438562596934,0
10.39811939114694,13.798323849954237,6.019059924434755,18.51059612758981,5.803124838837906,1
8.79956624568241,8.98329459848593,3.276808947262016,15.402889491743379,5.066824218029369,0
10.139604169980037,8.480122791225078,5.999468751363818,15.238793587128109,6.8637531496640936,1
9.22937280627648,7.227208839493747,5.693886939280927,16.662173313347722,7.727941261705476,1
10.227034690502496,8.333852261955705,2.4112899068141047,12.414890789231226,11.18639586441989,0
11.324261349042093,7.6188254090486405,3.9836530214965173,15.090094437492246,3.976233160873573,0
13.172033632290704,9.770271691721476,6.791164104571059,8.542849366172458,9.318762086601044,1
7.524369002346302,10.39175579198646,3.5282517032904774,17.629366936508806,8.946203122030145,1
14.266066749312532,6.035026348730126,4.303393606535918,10.31552033267442,5.441814521246599,1
6.095824400954996,4.671917616105555,5.693091339877845,19.510259485286998,7.406471909172062,1
9.696429809928834,3.4094865672417587,6.175085763923893,14.00963971810065,6.084733501324769,0
11.176634412969154,9.269978317281359,4.622691670933256,14.36499905420647,7.371377160837477,1
10.561983735470065,5.241583484565316,4.103734707962538,13.116798281746483,10.0182620268091,0
8.754600960358813,2.617773517618793,7.133554792547761,14.135883378233771,8.211212465262626,0
9.58375549928545,8.971446511327411,7.608349495696368,19.255594035444112,8.017216746466884,1
9.013998130682335,14.232498793581977,6.468287076172693,7.536574030394762,6.139381360090715,0
8.821270486111576,7.984822721150267,5.127977213847536,18.830896158264565,4.03188667015133,0
11.69920419404205,10.096226936129105,3.7876014175386103,16.014070443305123,6.583063578919184,1
10.714030971930095,8.204573396368913,3.754333390165152,11.378935056428354,9.41321630972783,0
8.614180809478691,7.752775867022144,5.783771157898636,11.774062820852286,3.945664286820705,0
11.799199750866501,10.297691207469422,5.627597331333026,20.02917908162461,4.88982126364661,1
10.614599041753218,7.274313639528372,7.102397889419644,12.163479360171806,7.252535472468137,1
11.62572423767792,8.668480785179757,5.975675138804209,11.539948468212122,5.030690430305475,1
11.259257683847224,8.804244515490034,2.745379547360273,18.41194362709419,5.414953105769575,1
8.342009978155856,6.329773865892378,6.577921426584378,16.015658628857743,6.152802836543646,1
8.879637919606061,10.480105873841307,3.5029090590283807,12.186223270390803,4.268765191619702,1
11.494587210246523,7.562600608261478,4.424043092071472,15.649874926213856,5.051756307567263,1
11.22074053086693,6.110637101267888,5.3753003093775416,11.922741949079168,8.406855833574618,0
9.958196812071703,9.341274608926009,7.993501234675946,18.302464195267817,4.385260435538072,0
10.234654766617563,5.753830045522407,9.664877834008042,18.1841128946194,3.8042557310103247,1
12.555329791576849,8.070452893422821,5.910084588704274,16.59601859646583,5.739950040932211,0
8.81685722232834,7.9772025083894915,4.725205071919418,16.08498318374105,8.46391100501969,0
11.094194762340075,10.714738914578945,5.801758472720826,20.283564374602122,6.606156384006221,1
9.595614695132213,9.186745582199881,6.3314831388107535,14.999058982164676,6.070837843768763,0
9.564637593545559,7.9374326031371405,4.518998561664213,11.454377623737596,7.0887175950312145,1
12.19755370397438,10.044415748000718,7.692817033868483,16.34842173849692,3.508585134280696,0
11.65083269797606,11.475518872543283,5.345106138787103,21.25814114861134,7.989411307550065,1
11.627019272001277,9.394525765879656,5.746614633637091,11.955721520442443,7.766870062807288,0
12.610957614308658,8.025881549608451,5.998886378081692,13.915611699918042,6.181383051808558,0
10.042007683265519,4.720409419124601,5.632379915921684,16.249338114304358,9.011849023592834,0
11.363905942589927,5.3372158423115685,6.258410750704418,14.838285452982783,4.745007802093923,1
9.379466486813088,7.236938239113331,4.074120220179616,12.053089258868056,9.255817986507138,0
10.648332704976884,6.476219494601792,4.162547369080954,18.365573568691413,7.308987331190503,0
9.73971389126463,7.532571742536385,3.3497686505424578,21.96012216605178,6.326894820243654,1
10.193991929985437,8.141624812242767,5.659251845930339,15.588394377071722,6.9602527292633765,1
11.190314050873827,9.324231885891827,6.168404755268171,12.287795130791999,6.785470468378117,0
8.363558633533055,7.823753054852272,5.686659299227829,10.353118424839575,9.440565792835434,0
14.184774551370921,9.216254109565504,7.5117386500213055,15.773927943663542,4.846641745057973,0
7.987965237000596,8.1611860370253,4.99160597175643,18.311632029948772,5.4749615217068035,0
7.571622774424536,3.0613335841153217,6.003112483388769,16.425503239486144,9.07260578414496,1
12.316221747000135,5.651661515453114,3.3624486857910285,14.992788477243439,5.808930129632282,0
11.583325387925871,7.639781110695961,4.419350446288399,13.232185044632082,8.801066154663182,0
11.24823963410431,4.975763142897231,6.0433066363486665,11.723509101845732,10.398871966017419,1
11.25669101852856,9.499821824990512,6.273653166114716,17.504253978974646,6.196409946116733,0
9.97550645430617,11.826877080859244,4.559049578503727,17.741314864156756,8.362724653150611,0
8.205491257028337,11.046904629243292,4.892601122212899,10.362810639927801,4.692615437320283,0
10.151609116387453,7.4663928226744805,2.723189379978786,19.769516934542054,8.509466596135619,1
8.645676576975777,11.72681534212488,4.464456198790086,16.722213662682005,7.3988479719735345,1
11.950239466835502,8.371668643005279,6.335574745279679,19.19878393543738,7.94607656432043,0
9.705885236995723,7.1572850722049015,5.86280752415985,10.973616754544654,5.70885585592921,0
8.349005606414977,6.46649334114765,5.750998582071815,10.902527533753684,3.677833168865655,1
9.357228316694012,7.243825783779679,5.07466053077144,14.55309207069811,8.00650412949901,0
10.82586290855125,7.029557953646928,5.010594737942265,16.508353280685583,2.873193695041091,0
8.87255089439205,8.42604055593872,4.0095182907898295,20.38908246878089,6.36529901551493,1
8.355559208867136,8.401434952624662,6.048242630303802,17.118236741445394,8.88236373283994,1
10.487374422983825,8.007615050383537,5.631459416584085,14.2719561695639,7.3837954717460725,1
10.489933142217446,9.092345424365874,5.738028271989199,11.920892377002325,10.896685289579626,0
8.98611364925774,10.976615686965854,4.210947735998629,18.69000171815745,9.050218305163547,0
9.057923388763355,10.373885338603309,1.7699856201931334,12.105883722747855,5.692203223348847,0
10.464099874715272,4.287755078875241,6.645729067630544,19.885405664316963,7.054626759702877,0
7.103831317005351,1.6151971627451127,4.281743815987394,14.146846051180471,6.905258594911128,1
7.1850724512468895,10.335799778098185,3.705836353935319,19.77174621785355,3.8356464733077456,0
8.563111557495128,4.582803253961448,6.04021836787099,17.036793870177835,5.119202167031293,0
9.573105696576306,7.4380864952682915,4.411981040121305,14.589013531672625,5.8784781860402795,1
10.621815131196009,5.0747174348516015,6.589904576069933,13.44181088452162,2.927558994288127,1
12.950712433899104,3.4950489060499503,5.9255089243650465,13.97727636796176,7.094986936503286,0
11.71531924640404,9.35365682051197,6.0253539848007165,16.284950077125714,6.501856310693919,1
9.680122940073145,9.897887900756617,2.9510664331991987,15.23146948865315,3.6542121973768515,1
9.961967584194623,6.5587239981832015,6.817915978079601,13.218565775793884,7.8084257305546645,0
7.994941270724382,1.5223942696377257,5.391875796850784,14.503105769047103,8.43174548938192,0
9.96297372801522,6.634388879368793,4.4460842911306955,15.235731089157449,7.454068957729778,0
9.422682722159724,8.979510013506367,5.215082701013377,8.613797716755563,6.35186364958206,0
10.64543712067618,4.302721078064678,2.33564715065252,16.374504344366095,8.182884303503709,1
8.345538112895355,8.45839979944789,5.612979217221007,12.060836325849579,8.360440720953383,1
11.038693028482344,7.961725377067511,3.4559427377268928,11.540002790382765,7.614807139439376,0
13.065477826005155,9.448228749002721,2.9709945712346983,9.937966958667868,5.350775499130478,0
9.782479703086285,8.298950921035383,2.716461220673163,9.618322506396328,7.553201531022362,1
10.803423444197882,5.567327647796111,6.669032562484888,10.933657490663133,9.390961301650957,0
11.380287983422225,10.991428754161229,4.056104909460817,12.872937127108528,5.80674188277654,0
9.197559056228327,7.603676067432575,7.300591564874749,20.859777412579703,11.195878678264862,0
10.448184963620834,7.93173865122517,4.196297805421553,13.422360972314388,5.948738132029231,0
10.02518480156359,5.66683010231701,2.43896306361058,15.533250318804093,7.064814026680272,1
10.195352197097664,6.8917943720212245,3.325213340077011,16.201444159518985,5.655028807987327,0
8.453980432289066,5.787993214932747,6.853717430010408,15.393195558647546,7.446541671840522,1
10.049020348517885,7.5676348501914426,4.766152733094999,14.767669617822019,3.5155566147294497,0
10.9959965824909,12.279271200355858,4.177569055264098,11.414118709202267,5.907916402366558,0
12.902287215590084,4.570247142671609,5.240027338779181,19.352782644837635,4.815757599302866,1
11.918541652170413,3.9660965053081476,5.752674104251318,20.421589930913655,7.270676695784582,0
14.306364915023114,11.677925818734021,6.676098223853691,9.952023917631942,8.988894751017815,1
8.4653048742239,7.476690807120335,7.17274884483939,11.92791422734086,8.292012374229103,0
11.744641273441356,6.327318153350209,4.460347031316371,14.160568972868981,2.2566812782822154,0
10.366684011476703,10.59976171849019,3.0109284708769426,12.106386615269425,11.08413930585576,0
14.379605866435345,6.48596115065784,4.379802258315086,16.517896660367597,7.590559881241736,0
8.383403429289697,12.565024283867341,5.3904207598743294,12.81518339278016,5.447001719014,0
8.320556315638449,9.694814678348173,3.554361610684084,21.49516820341981,7.314255837981881,1
8.801214709111957,6.780221479635744,3.5642736276574354,18.57164578303079,7.352379645005385,1
5.752208551380386,13.393270533163758,5.5156818223248285,15.637722091896645,5.666302566096872,0
8.948489956638477,6.485712692491654,4.9270214726443236,18.080958789959197,7.395833334684151,0
8.481734676892604,9.855238430023267,5.04919549311738,18.317701273071926,5.785055424759386,1
10.300787572952416,8.74823145101623,3.8622569979498955,13.30815753582527,6.191276014619954,1
10.683511951554319,11.254353223496995,4.654398928691349,12.551348266374106,5.627441728489831,0
13.752341678431772,11.903777991817131,3.6136502835975435,15.234429188908942,4.1346574205206945,0
11.9008476763721,8.080010372664416,6.33529761668718,17.584908373493832,7.291672940430768,1
8.846192688675194,6.116455324134542,6.552874002085629,15.417181195960254,8.170598873032676,0
8.203170657303284,9.149930357347792,2.2307182066428592,10.269010553427009,8.029767192152745,1
10.983838343013012,6.305711575619735,3.605733709711385,12.591526668147473,8.639850505270468,0
7.359533585958715,13.033468118816558,2.7552061173648816,14.778081409216865,7.648680420029736,1
13.662917531708707,8.341338327706843,4.024964098389653,14.773003187022509,5.934549003566193,1
12.358880241442574,7.086696121719728,4.874843045314459,20.917626530369425,8.679327728862377,0
9.061648695790591,8.461700764662272,2.8255321704522047,10.842036172803006,4.2849649203161295,1
6.573730941818245,4.632184276175758,3.6172102803120305,16.516767725507624,5.198657234975039,0
12.707744748330825,5.570964903723372,3.4940639418777524,19.46733932498487,5.071599857153511,0
9.770920309494764,11.001034769861064,5.310900994098416,21.814349236268388,9.16011211827862,0
12.475632623946924,6.3577643025715105,5.104016505554376,13.786807730448116,8.885577028280151,0
6.811144682411266,5.38272254329515,3.9173936699941203,16.4742883581606,7.97461047408999,1
8.801249954092455,9.341631881318214,5.265231308209097,16.709281071595942,9.143859730423594,0
10.010487399436366,10.964260386657493,4.179979873119102,15.586445194659872,5.241434435176024,0
10.093961187529484,9.797383276662668,4.59251733451092,14.703464396282081,7.6971902397219605,0
9.099869057041513,10.490119214514541,7.510178135447806,16.30792616850014,6.749651143233671,0
11.245699864694998,6.108012278576348,7.010691577685522,7.403261744340944,8.693764207769828,1
7.864759141234812,4.44547333314539,3.0506281446086034,17.046208470187892,6.769551534895605,0
9.715241029957413,11.753334129888717,6.244598626818762,15.378533710985902,6.230114223179838,1
10.240591263423799,7.1933004028946606,6.217094831737388,14.332575309665204,8.08181703712198,1
11.028877668117499,7.372917458862382,3.2776050668710726,21.140586587158673,8.752338334382465,1
11.42322975617778,11.320485354622644,6.228166465632291,12.975197943628343,5.6633096103063965,0
7.750715816324261,9.39057502350165,7.306897877618829,13.790772032804908,6.877848657295248,0
6.931771658528755,9.13971943020402,3.316182790633379,20.974659906614203,4.883118732716694,0
12.555353643797018,13.41250586225271,3.6237457684786047,12.503816085450431,2.003877965014121,0
10.664628023959184,6.391204424049643,6.5264922002652535,13.349654151190384,7.400919262827458,1
8.503026926886893,10.319600320203094,5.4072429662384724,14.55892372970745,8.217810712509264,1
13.102303951045046,8.142532812242711,5.827214412859285,17.522203446388648,7.524133618173451,0
10.231349268585717,8.671480697158142,5.510883824600745,15.62340752205994,3.1008765644912657,0
12.358594368127653,11.82117106603133,5.586043881392216,11.122123958543213,6.298301139847051,0
10.135036962820218,9.26958939072406,3.0102918075333758,13.40349431061843,2.5633044798978375,0
14.121495849763974,9.345740197624082,6.570976559932173,13.177936700363366,9.73940221530837,0
13.510681684886409,10.681268343274505,6.75438498864166,14.768336864330863,4.827890835763828,0
9.502071703041853,7.0876181761427866,4.655913883897958,16.277530975889487,9.510807218919792,0
11.94314190190871,5.901975831652484,4.934784575279206,16.254617267663917,8.891739287368292,1
11.290751899170296,5.387977014947416,2.7033387461664167,9.671964737854793,5.198819294927876,1
12.737263115064698,3.0841085265599952,5.771382134026752,18.19182296268257,4.73443009746451,1
8.070153078839791,13.140517824850805,5.858086162571216,15.75770653798987,7.700740432772676,1
11.372102919996879,5.241979085695792,4.906713474501034,19.15359614278172,5.311351925633858,0
12.116848973699176,7.44686594103557,6.6865300398057546,16.332594981872017,7.204969284316415,0
6.482521027153771,7.307966750277698,4.498884153530089,18.303968873207285,6.034344818386163,0
7.63348297466845,8.768516744522753,5.8469088888404,16.399635934350382,3.4376831710687332,0
5.921535644479799,10.039343031348242,3.4705034919618267,19.038677268608247,2.539063961751082,0
9.461186331110884,10.151183720899363,4.964671773688643,16.566751908053334,7.453368496989194,1
11.435084511591924,6.542306403577654,4.738468613145746,14.706254260671288,5.876884507338749,0
13.004714104192056,7.582195715533971,5.337961883061412,21.817304161340644,5.893820366171735,1
10.148189560839551,8.706449876220749,4.445709606749962,17.667111366839677,8.391727678187571,0
13.257231091142584,7.3782721845411325,4.802791106492498,16.72123326301324,9.34688455326489,1
7.239797083570217,12.018363940049982,6.23907075716226,11.171086750384992,6.454910557276381,0
6.593235121289691,9.227437379095628,4.344853644142674,11.135077147609387,6.3188025861802775,1
9.888904602206763,9.837194465124544,2.590134348891981,15.87814644642556,8.000286066227767,0
10.768130897878615,9.657203171668531,7.624375856308131,15.436563593304722,4.286128860600849,0
9.934610503811815,10.933684643713313,7.072181118035729,13.157632304975051,7.446306109495394,0
5.865115799920247,8.452553896759268,3.061605957341572,15.42294809883618,8.103771943644308,0
9.821759920974424,4.757920130110383,6.034561707867791,19.765880784130786,8.360460416835258,1
7.391060998990294,8.999219879381604,4.245537844172985,17.086207423650897,3.12649459499507,0
11.339345097660077,6.3716077655204275,5.39523082299659,11.576974470741785,5.477289460382119,1
10.733196492193697,6.678458295625608,5.4413361935202404,14.665473518571169,5.243473494353067,0
8.120240427345289,9.465910046887734,4.648388299525517,12.585100557442317,7.199773908818426,1
8.972266165326612,11.09570767858409,3.8243515016204053,13.836900250774317,7.961489159535968,0
7.881572956222097,8.053178941840153,3.964188421525611,13.759153003111072,9.993420814891962,0
9.874641805453656,8.772082531497409,3.6257121267781365,13.567063252187985,6.010069039263854,1
11.910284641002477,12.255537361588095,3.752266687654333,11.234593884079816,6.004855003381572,0
8.028547907328912,8.601882948721421,4.899232564925967,14.617035955445429,9.299344037757495,0
11.008093031035688,14.504207785450987,3.9263600163338723,13.31817708945807,7.59315387706061,1
8.939484763255118,9.41377411407886,6.02307809856893,6.211653929993195,9.535303022375947,0
8.414254335475311,3.5980931021104556,7.230869233003891,21.15891607350499,7.5774560060196725,1
9.785939280090885,9.883354052761332,4.129920137944936,18.266308962650015,4.685766762573458,0
7.929515355161252,8.952895962206945,5.359106750803066,13.871097825225013,4.333743290444387,1
8.892701389305635,11.224381885206864,5.7495276654544005,15.056457149221796,3.896975501882142,1
7.6042442148223035,9.682953378174895,5.708003406378912,11.485036958047314,8.324103669516946,1
13.929450265832779,7.653860040040565,5.113932901874131,20.087168633432597,9.377193646174016,1
10.070527103943457,4.939254409276586,6.114023627539583,20.691866084319336,10.698724282772762,0
8.600548984014829,7.477441856784937,5.7233734290209854,15.470081184739573,8.686210664646481,0
10.427959821468445,5.87369886447675,3.1435063665090532,18.070591932556034,9.325677155069972,1
9.77534390061834,6.548691375488193,6.303734096583909,15.525860336801772,5.839967334692631,0
9.558060800933553,9.471446011051524,6.330936255900113,10.989823683372208,4.687168366512287,0
11.22833340008685,12.174761260878515,3.8550708437321277,13.764529893109028,8.700158664835106,0
11.51501542009461,8.986678824557453,5.056906753171403,15.395783900315871,7.835361504478802,1
8.938997704778945,5.010292344912039,6.024993489216604,13.636356843769667,7.214888748681785,0
8.84836351871064,9.111506670550352,4.686029270630957,14.344040167694892,7.7747429612659795,0
9.449896605696711,10.991578716614129,6.609467071649018,14.725801327472656,7.646370964916412,1
5.39615767052883,6.475542739201544,8.54580874192904,14.757364506403617,9.567633719707123,0
6.9696178756028955,7.664957083317706,3.8210209510475264,15.15677547149245,9.589971169633912,1
12.733748534889049,8.036720486822993,2.928433095269338,11.818184800810197,8.088440704680695,1
13.289935427002568,6.0377542172944,5.455727893407314,12.848951552616192,8.691605745125857,1
9.501927920887244,9.620701084609648,6.082343757689215,11.146247202900092,8.028125104849552,0
11.153113926111534,7.697629628480546,4.653700439232846,17.933446649058602,6.077660535930762,0
10.622500309087073,9.048831109767569,7.179890994981552,8.683059174479027,8.51312934982628,1
16.157761616910477,5.78126955549475,2.992091300415127,18.460771029950777,4.211009862281477,1
12.239149822869154,6.906354249191474,6.039377934547417,19.15904819178853,9.107783104591766,1
9.744164817038467,9.805953394569428,4.09120876886166,14.093458239052136,4.61095412046793,1
8.088919118799149,7.067917119770582,7.579066859310945,7.190588736518104,7.571606573589466,1
6.787107359484855,12.317409628083514,7.988773029752178,13.916068314098128,5.309692083147683,1
10.406927271734446,7.000909535963494,3.8500151183249782,14.807447516133543,8.106777966148854,0
8.487298509431394,8.561711814379715,4.17566429613713,11.96820534021326,6.932149548144182,1
7.155492580804651,10.331477079682724,6.2893818304697025,13.454344818575272,3.8104880836733352,1
8.706854231514948,4.454085667667421,4.4193040253157285,19.590585596590053,7.8413992620369575,1
7.8369039927712105,3.59797797004806,4.931883173101642,16.99478148690522,5.844158446334578,0
13.37428327014513,4.185859213574763,5.038082630813615,12.2263076568657,8.762293441626738,0
11.763279513898901,11.156460258567956,2.1204902657035154,10.207202491213703,7.002651377468815,0
9.984054717366766,6.620354635268884,4.9792433808586445,14.018948047170687,7.790841970776077,0
12.959888277780053,14.39549821417063,3.9654083389037393,14.359629661948686,5.084862089969576,1
10.154736615295237,6.589381003356529,4.260315766400342,16.48859756208995,5.821335537145276,0
8.277431597343472,8.461378257992592,7.1654480052032214,13.394049862297024,6.082722727797831,1
13.046248154539315,11.855274881419689,3.1152396585811157,16.534498726085584,8.71340496048511,1
11.077820087369318,13.015232220397808,6.2198077801219664,20.805462120180685,10.354754175610978,1
7.925507691347088,13.153758941590993,4.581555604502287,17.446503067332788,5.389656496514247,1
9.619322643832783,11.020915576482857,4.5803597472562485,14.855734478007681,9.153696289315361,1
8.248763493230486,10.560156314528657,6.185557844077567,14.450548586840116,2.660645164548596,1
7.234400538071328,9.481317373002957,5.5100769418533355,13.929980597460386,4.611621197815421,0
11.852355095063283,9.945902690416595,5.855919495829296,18.541922737356433,5.082443087626451,0
13.818833280940261,6.622035709178666,6.452276990799292,13.118059662146091,4.294982621118555,0
7.202864852361717,5.954502791444233,4.503037425225016,15.135668126999947,3.83282322042484,0
11.125938473381142,7.99156385647262,4.081644898238375,15.153593705643257,7.825997824275595,0
8.698714861756347,7.574538443687679,3.3722742101633028,13.494647421565404,6.5718646045442775,1
9.025749232470607,6.866929876681812,3.761884205031567,10.882603356347698,7.75881079521022,0
8.815212151522262,9.740968618641789,9.423641637963087,15.968923510853005,8.380945372243026,0
8.272018460640368,10.388263021426276,6.86701937110518,14.816988084433849,7.531233986345067,0
10.097043255889654,8.221017215729619,2.9733884506879678,16.50072140830971,8.315526352300747,1
8.338099767177924,11.693825202638156,3.0163130648846446,13.3991990806825,6.860935427515461,1
10.540913651559677,5.1457772146662375,5.722799092577738,18.662463896439142,4.626013223388511,1
9.899523781101726,7.515851351800705,5.820897196066951,12.369678656364465,9.115628361641592,0
9.52210390626718,6.207944198492988,5.8233257529760465,20.13612085205368,5.821775734437746,0
8.184872675916804,3.33365845731735,4.617566309669453,9.757090470515216,5.128807402475148,0
8.846457338863335,7.793298285393252,4.811818609995649,16.304310193670673,6.644164248391204,0
11.510782451651512,7.695631229041791,5.4918192862390365,16.42629204757987,5.174378161406974,0
11.001834375248762,11.783624358105328,5.128839509439995,12.613328796177353,6.165139236021136,1
8.044889510402898,9.577029211386943,1.6710494408786971,16.273181813583037,7.688107843126933,0
10.19866461085845,5.4395329391769875,4.6553005541372094,18.838556009280477,7.696683478492254,1
11.502774246743577,12.63523141583547,3.7228903486095297,8.349543481937808,5.204339867148741,0
6.6611894377572565,11.052584238813383,5.262817128362768,16.508234422472444,6.02458925410251,1
11.08672038475987,9.45524425867154,9.477888503905115,7.520187539009767,9.148666009540488,1
8.674752482108307,7.43378975287542,5.551222498211457,12.103005589430376,7.992800235467882,1
11.141197337186318,5.601401908191301,4.529705470741403,19.887499094702836,11.150130078697083,1
8.473481686914965,7.0694830598223675,6.382702252965879,13.254653899823838,9.360256347483055,0
6.390235798670962,10.721871549260465,5.724031830813819,11.478360106773081,9.288586137119879,0
6.744915124233675,12.711465764836522,5.630141735677762,14.406186813045954,4.224262899088396,0
10.096169893322765,11.858108820680473,5.910275889823507,21.203719014490655,8.527720703266844,1
10.519445003442964,6.777876445534314,8.084815347244312,9.50495325838192,6.8937863966061785,0
8.191366749791182,5.200956416777472,3.3036673470111264,11.846070265081966,5.898036392923501,0
11.277184917554749,8.35221561727801,5.710448115217182,19.49229504953888,7.336030681065057,0
6.67695987546208,3.5789015860928712,3.6104283050276926,20.573107030613198,8.890423069222967,0
9.867840402705367,8.807919285461953,5.833268969513372,14.689706327129148,8.001663182008423,1
7.577967600475087,7.630993534253328,3.6219702327708587,11.282841892420073,5.24305239731588,1
8.696327784395681,6.834908745329394,4.373949779592373,21.287530505427476,8.48491782718524,0
10.094797342632829,4.013242331833011,4.5573651286431405,19.783327175247592,5.724824915848072,0
8.279173269432095,9.284000266424291,6.463725079017063,17.0368409632867,7.433366237928572,0
9.23088891154035,6.668247900845222,6.37768166591362,12.56279295318774,6.393299865045732,1
12.012585618428881,5.07520791072428,3.131423935330423,14.85291197748589,6.562267496528748,1
8.846216260953703,0.8193444667958767,5.082401166499773,14.518919756865508,8.53248595008102,1
11.671384224130284,7.931212737373409,3.9356302178762412,15.992553913846733,4.919612560368204,0
7.740586290684764,12.43062899167436,3.112242633986998,19.353004314394006,10.890390148553866,1
11.059608355830566,12.153148036369675,4.674474424363444,17.63825112341221,3.3578278614110073,1
12.8831372413158,6.8572593585343204,4.537275817316271,11.767871769045726,5.804664633490286,1
5.056710999745421,6.494469849095548,8.640074729518282,19.129489350058613,7.740423779883482,1
8.406209489059046,9.17193564018756,5.649439738041044,15.939396420039467,8.16862833287062,1
11.15414425436108,5.504036402029271,2.933573748868644,17.061197387576748,6.799048558856589,0
9.593909227914015,8.754479749548665,4.152838993743586,19.399622577835807,6.885218593996915,0
10.742291746742618,9.915200695961726,6.532074943144098,11.665259251459347,7.821100170655233,0
8.79202962656836,11.06733305971077,8.132664159304888,14.89252326388061,6.5378610450846395,0
10.1731795749458,7.749614808800118,2.6210250316430628,13.405636345922355,9.786362515869811,1
9.68864552921584,7.490815624557586,2.1801134222914325,10.296421723903633,8.678698228463205,0
12.335564123319614,5.805043533108597,7.806447763057673,16.04012993281476,8.74564870201127,0
10.508841686602427,5.93279911490035,5.5844212660563555,22.534669654753273,5.067686553259166,0
10.675205324150404,7.433802770246183,3.69756090218545,9.479766766482742,6.841223151188594,1
9.176246067755065,8.918413767040445,5.801943629183653,14.90315816685159,6.3990681025585925,0
9.024787551855013,10.283961565583123,1.0463783914746836,16.92162880522432,4.9887972486210685,1
9.134883624360759,5.992052623299138,5.005063259895741,15.369234604968543,7.7203283678915335,1
10.788904284756594,11.731721422398804,5.491731759264628,14.66061584245278,5.924708484440367,1
9.158031038359475,7.322190997393578,6.386405209306744,11.102350909662526,8.310807659700474,0
10.579549713792826,7.94658176412891,3.4791560715611936,15.69836022882049,4.859616874211337,1
14.150801597290878,6.131970802130441,5.128530742105038,12.72970806895222,10.438081225683643,0
11.742249406863385,1.9393993493176458,3.6118630609106193,8.43023488506434,5.207334682815876,0
9.347952935664317,10.210113490902625,5.383075633511476,18.583776661541194,7.438604674400872,0
12.402427844327889,9.842109742731083,3.656980516455464,17.87515745952613,8.583718620776136,1
9.183849253956897,7.296681107204466,4.387848741259669,15.15498293055324,5.858719139599774,1
5.923750929644292,8.16747679306218,3.5062769078146565,15.687224064617109,8.704937286865901,0
7.983827378165191,9.289848044260248,5.976704362735486,18.222954038146685,4.541632804399168,1
6.258416157948289,4.0936353577836435,6.287676674984998,15.673018970334248,9.90423539836512,1
9.296973031917382,6.677368306634263,4.64806914506388,17.712052664283945,7.028298529931517,1
10.036836758379103,9.985661699054567,5.0573569924400426,14.10755339737845,5.80717718406224,0
13.352874624550566,4.864276442076877,2.8271128780496837,18.93595121572184,6.401636455145131,1
10.653854747528325,8.733894830416574,4.5504850279898195,15.96235717779805,8.617838538785438,1
9.561798942382271,4.608545488441488,4.924693074437383,15.582155830817623,5.831089416299124,0
11.658811162366979,9.166074956083817,8.931189636544962,11.189816733863903,5.501284621154445,1
5.57772938198423,7.9108962942562915,3.3320494613387543,15.860867562905126,6.556926804832524,0
10.471229116217131,3.9621704602362264,7.1962658581286565,12.504135247516647,4.646075774460064,1
11.541730387773933,10.911848386142928,6.495288160198712,13.085151820414517,10.641087815883632,1
7.0428275084403165,6.163521058004877,5.420954606735204,12.553873115051637,5.8672108175705535,1
12.287508086413858,5.974368907464047,7.6379307262927,11.801295204302324,8.663233572360808,1
10.676992814988829,8.501422993077357,5.558158208910294,21.374314209050887,7.4189401672955455,1
9.169424172198397,10.871593373571788,5.583738793501893,18.99401718596521,5.030931899036064,1
11.26556373221257,5.460445452554008,4.920319020473682,20.761102506432785,6.988090581574541,0
14.541385715608792,8.15419962461993,6.835353323627942,11.331314941333307,8.568005558621497,1
10.363732510116991,9.072041250826432,6.644703850716326,15.213761249732677,6.623477329827387,1
10.496441172600672,9.73276401815786,4.061484068755681,11.119477124387712,9.386225891702056,1
9.081278200919511,8.441103888193062,3.021129208101849,12.912915368408807,9.043030785563728,0
8.300311261070416,7.082430402291694,4.6955290439065145,12.245619049750275,8.837829709316658,0
11.66067163308849,5.931024448378201,3.7999421534035305,18.718752019324683,6.080686455454006,0
8.287832348182265,8.215359707615937,4.904713138076968,13.81131096569472,4.8403151044370265,1
10.143132474438785,5.319652470035983,6.856157202026209,18.205138001082048,5.772824789274411,1
9.044685106469768,0.6966237912634821,4.314047517369815,16.812362668765555,7.392481881333441,0
10.957959651492784,9.091399510394169,4.935764928032638,21.910916256314366,8.091573427064711,0
10.667324210573897,10.259837102715489,5.087034102212593,10.561667330580828,2.656857190479105,0
12.075079888515798,2.092668911145404,6.272646323307927,18.777699719360395,6.9837735967765,1
8.979967202290506,5.475673238225156,1.629665999023092,18.439322611202183,7.316178450646369,0
9.460250129413257,9.547885652512994,4.089949557852055,12.079863485918896,6.444911487368897,1
8.042472568435386,13.143738674279247,5.316925538419209,18.02140000941948,9.582547678031759,1
9.111413479847776,8.05198426918852,6.800118434640292,16.008434889078686,7.843560148501742,1
10.754600986089704,6.179992646927164,4.262146328740692,14.317571220139776,9.620383816161794,0
11.513977233290703,7.542758897237899,2.185170940937189,12.528193539084,6.568078959299536,1
8.155669351644748,11.437191047870462,5.929567168949204,12.842671645652443,8.87495498501385,0
11.73921184021132,6.385089552188662,4.046956416761556,21.14943628735778,10.270132789055038,0
12.711275717609901,6.002019983374366,3.2155000113644583,15.002048456872448,9.623386898545322,0
10.826869806447402,6.793141194544919,4.063481915430164,17.346390004594376,4.815716813142534,0
13.753591625116131,5.616678479353219,4.723211963516226,12.627301854997341,6.492647844915238,1
8.452421601792853,8.306675789986988,4.09288300319268,12.660441161335083,6.309670589100407,1
7.510690593377166,12.061696146173901,1.6916509143513965,18.245954427749826,7.978509070152655,1
6.442559502191443,8.807698182790073,6.3455992953306986,10.951271365345404,8.372707110029067,1
12.992088622978367,7.369116244684281,6.912312561918084,13.754358696284186,5.322214651948528,0
11.308731312708115,7.270471827711139,5.977282987009259,15.102082233216697,7.135677027833875,0
9.88883065817909,4.092022978258358,3.293471494362775,15.334117805520158,2.960145335687727,0
10.55993725263964,10.207774442867898,4.697762699078723,14.46272014495153,9.88389001160378,0
7.7490219054032465,7.805407007467995,4.990218027155813,16.18745934328777,5.975251518646613,1
14.891503959233653,7.5488002160234355,5.898191584342865,17.078567267453433,7.111727879688994,0
10.258442363950454,15.982768919612152,6.002510733077122,17.20391263637799,6.380700572023877,1
10.218789589209786,8.746882270914215,3.8987393018322565,12.04258857399652,9.29205515002683,0
11.451533247797384,6.120522374762039,5.1229933346203405,14.147534706213609,1.324987117205242,0
10.962018463473427,6.9341060094861415,5.685920606922862,18.584288585630812,6.966779315348182,0
10.447768048558263,10.871114272991887,7.18373348322015,17.683941562721618,6.788362485004604,0
8.419051089109375,8.28317602634441,6.056759809737085,10.88142164555681,6.092727224816635,1
10.942936714271992,4.404305054206583,6.183585031063279,16.054439701056605,10.452453091271265,1
13.764048992950068,10.29807233643801,5.125739941894041,9.06532425187557,5.225341082288457,1
12.690840092309955,6.329639786152515,7.115688717805256,15.14080470618111,8.543592354471322,1
13.186373253278795,12.683244440543863,5.614644193939246,20.69330105023793,7.712505577412167,0
8.97756864713763,10.700120164286622,3.7083681347396444,12.156321848193041,9.523038505071032,0
8.020790359482838,6.881695260853122,7.105054955187786,12.497030863525254,5.665621830444989,1
9.748426159800704,11.202540904337782,6.046854908808541,17.29208934471858,5.534062201752482,1
10.11144982457739,8.169638776318509,4.335433968307276,10.371595454371063,9.192139814954796,0
12.188383036941897,10.131934187805548,4.280760548901135,13.101734910344883,7.85064261666022,0
6.615070740570362,9.211832043236187,5.4448633177111425,16.789323412745258,3.9101253066464827,1
13.059100638921228,5.8841083625228165,5.694777192901377,13.09714245693179,5.921389971073459,1
9.683984202842021,6.391125419206345,5.295938398446809,14.292090038367085,7.772765307696122,1
9.14623786010516,10.574902043952903,5.466963010164327,17.232557130945104,8.675528443093178,0
7.975791249479665,7.163061669733648,7.549936061864571,16.264638250609686,5.641538693614089,1
6.690286656268461,6.990878841895008,6.607314728352328,15.800455188886206,1.1714880203661178,1
11.64634116792383,5.612193551626618,5.285953386897536,13.982633162189885,8.046446371474067,1
10.146635934376807,9.058997663983654,6.411965871151224,16.110183345806867,4.559358620112048,1
7.420078200517892,13.156312298107864,3.4512141447086906,14.62880195970073,2.9653224037551773,1
7.409842455872768,5.331167714364318,5.596890574920213,16.373416829777355,1.3353481500317184,0
9.328430601419743,8.060548641681896,7.713959524599665,13.509203924646066,8.627961720395483,1
13.338043050578786,11.530551388538573,4.67293115691144,14.452293076861377,7.257234900809933,0
9.48081729727279,7.800896521885712,3.7285491070713728,12.030126622343959,6.548687238575496,1
6.993714093763788,9.130929490624334,4.021866667110409,14.894977169981292,9.778048725925522,1
9.50851387182811,5.344016179632801,3.3655504439864172,12.566997409113466,8.274649366046145,1
9.45455286050466,9.070767743019122,3.8228571378084446,11.65786064951402,10.232600085443833,0
4.606226714116857,7.532139337488628,4.444237852114957,15.775983443566165,4.2145290556660076,0
9.891410266964376,10.464324989199657,2.891649471232037,15.638219327572981,6.930898752092073,0
9.538130939582643,10.968465128911877,5.023427500924405,17.348621204845717,3.7665732501039715,1
11.392412729626837,14.473909105046534,6.353415760679971,13.706623291274703,6.541235336289065,1
13.69791218989069,9.449082933033939,3.6383657297796193,16.224158540510267,6.502768292466645,0
12.253130059095515,8.814490791455416,7.2789258854626535,16.65239271682099,8.253227274526141,0
9.462222618890339,8.48596075394334,5.766188132791392,16.334321423494785,7.091127762283796,1
7.786948182516659,7.117084267973279,6.5458708784360855,12.523038951593573,8.246814276559832,0
15.14671960649972,8.846209608654227,4.013248169221795,15.448090446813566,8.406880266277788,1
10.118436868028976,7.261496474652427,6.2817878405999235,16.092420888163986,11.309857354766283,0
10.027858583825893,8.421152440674035,3.3620991494070305,15.021535400723826,6.369406689427751,0
9.951749825779993,11.2939938390199,6.335371251254763,8.740567024886746,5.117954598667242,0
10.39616952153571,5.483643586800897,5.257759009690297,15.48146887192044,7.492167230632818,1
9.711279176152114,10.849696402822612,5.8298768299771755,21.637593118191727,5.395439945720913,1
8.852675986239527,11.292787668349664,3.2366080915627227,13.919882193729052,9.963921536873071,0
8.906282117519215,7.704828682522303,3.657395236585093,12.815768706434037,6.433563922109535,1
9.934493459568003,2.6953627524785135,5.895842327380077,16.120045679134194,5.868847264252019,1
8.91315045773247,6.480445032263919,3.577477993663699,15.937134631399715,6.057368557697764,1
8.57430843464567,11.242486366402773,5.694809438148685,18.578205496249243,8.436834846943281,1
10.212860455383794,7.9428298442527945,2.9492932903096314,11.226395532273337,6.68450603353703,0
9.49004556515829,5.501744419262723,6.272261319000002,17.194140757724977,5.716666359739236,1
13.007985977165378,6.738062696929457,3.151215027847236,16.771266183754392,10.330703835247062,1
4.698060383213976,10.101550066261382,5.8284499065192845,14.573560389178361,5.2876603186765,0
12.183013703844924,9.36683392050345,5.938446400469001,16.01606195376507,7.071132148065987,1
12.492170384995259,7.402669752075764,3.954842272355638,18.08837244479507,8.30461230322046,1
5.853219535183701,7.082938970463281,5.87303985062709,17.61694614008535,3.7373297791658535,1
9.314624811839302,7.020604627390445,5.390663395000334,11.570942063778814,7.96052100281185,0
9.257118268008417,5.693974538753744,4.1917372157108925,17.460474560266455,4.889784649039101,0
7.184976610564357,12.038439223673604,3.487167973885688,14.805934184902444,8.645565561668004,1
8.44436662481825,7.19419882697165,2.0560614624911313,15.218622294046547,5.074697976162048,1
7.7788483090683425,11.042896302063742,5.52447507094954,15.219590973005083,8.385538063697721,0
13.504540886847245,11.803290129806129,2.6527958429569174,14.549271033605221,9.211666132589425,0
11.871356786294923,10.4957772453699,5.143016299161962,18.575122491321196,8.72287305126561,0
12.543110189988317,6.920949218204879,4.604827675876626,14.748846120452363,7.502633296476205,1
11.443344128086471,9.009325225841524,6.018714163157293,11.641361614850494,6.5373981141406015,1
7.741896457565542,7.93951098402271,4.546931750765204,13.819410432090814,5.847160847330312,0
8.950959467440452,5.74074534817468,4.505828320479363,15.536084150431426,9.942069381634209,1
10.978749122455836,8.810898204304008,6.097806056432443,18.68764435289115,5.601009559664714,1
7.555744382216109,5.052400522100494,5.502587043626177,16.8092840548465,4.925867852860008,1
11.425996860344776,10.96919847115391,5.474233935774167,12.448394163758868,8.33073787006566,1
9.51934920368373,6.8384567567540175,5.70390138471279,22.455569750036673,5.4077263936270095,1
9.250358384900805,8.502899139682098,2.6966418151893414,15.794325932933939,5.099873005067746,1
11.421919936406983,8.708219678865355,6.135183019980473,18.826172213997044,4.112791475660471,1
10.88852662297208,7.352737565739806,5.918703191020404,14.544856699268312,6.034180321078964,0
9.27806766836184,9.466734503688187,3.4749753071352543,16.600077734116347,6.834569952207014,0
12.318659606728495,6.812740858443689,4.633879289488698,17.518405513555216,7.486183455321398,0
7.837873344800205,10.17824324364311,4.9410390685585535,18.654584135262766,8.902612488598967,0
11.231871213888528,4.635050799383128,4.798254823397401,18.172104916134675,8.053795847331587,0
11.186202515936767,8.31594894886603,5.500789949852802,17.616591000218932,6.61825556089364,0
9.380907121372019,12.847322497645711,7.147050172746775,14.054739806417674,6.60360864724056,0
10.652266044484236,5.499171688486063,6.622650091509243,13.284761874131815,8.020314937830367,0
7.497772847229394,6.305637573687871,3.031671209852891,15.997822530972593,9.545140325857139,0
11.848054038413801,9.284769624147287,5.933104985459073,17.79938421702321,7.2526283989664,1
9.630195727114021,8.448954454848995,6.993399979303114,14.331837897670178,6.061738291579182,1
8.95455395896192,8.876575248183897,5.580212781033804,18.19551589714316,5.0142679978289095,0
12.098018451673779,9.222967825369158,6.636470637778951,19.35785023645854,4.109589471175549,1
8.59131261891448,9.586803671404425,8.018405668551148,12.251037242779741,8.332539344087046,1
7.183077407272881,10.774249604890558,6.535564319160472,12.48923788861116,8.155957047279115,0
6.8867416529521925,9.024546642321281,5.373962893462593,14.578874823283991,8.154727050213323,0
11.21201990269128,7.396855863453644,6.56763271112713,15.92283800456759,6.742681107295888,0
7.439141295007434,9.681434253006827,5.217331749645337,13.426298958698847,9.813869491783501,1
13.50958836396873,12.749704837238038,5.035854564927433,19.056608036601432,6.031763010830365,1
5.836141184232556,7.6684156340435665,4.472878646429401,16.272200584555353,8.91053847441441,0
13.392912736580076,5.563676738323396,7.3451200382481625,15.11834114472222,6.922514210020914,1
10.422034934405238,10.76770167321743,3.772357001086998,10.692271428394417,5.783298470641325,1
9.806573776259215,7.699047090116005,7.298551587017174,11.052552550717479,8.185060614635523,1
8.910161826382101,2.5683261349649094,5.749796185610557,15.843027750845419,7.819272237367987,0
10.798272228704143,10.118554192876054,2.9010407377970875,8.602213121535492,7.713945518533852,1
9.924730595150303,6.661679535115193,5.551473939487132,18.037912228932214,7.162556844112397,1
12.206603764033042,7.773666794239598,1.8499602385225637,14.52553846688304,6.924213836566338,1
10.228455297324079,8.829950826422536,5.938262025246553,24.7292789087842,11.776743985740877,1
10.300603522923755,8.476249199447667,6.327847224483486,21.923748751848333,9.368513290392347,1
9.272775575572288,9.7736295428476,4.11146606652192,14.45565279225745,8.445653789971024,1
9.886108752557865,6.911284073575391,5.185321543933373,14.680988992406055,7.223598316406776,1
10.615603537784118,9.282764495440206,7.93123615062543,17.98674454200609,9.014314401193339,0
6.579663214686748,7.351133306040207,4.241379943607095,20.10951782975411,8.035989552782905,0
7.303629155788574,9.847026202218757,3.411638619415099,10.08591282769195,7.052409505548071,1
11.48652818804543,9.538418710032634,7.222495103693898,9.64087360393594,6.3928713494681695,0
10.341730876255884,5.661403244888511,7.943880785796193,13.133895583336855,6.838165324674623,1
9.632033327294641,10.71495529043758,5.005543507771771,16.748212749521592,0.6591485282438887,1
10.036867866130786,6.66009138721488,6.517194553112534,16.490620771522792,7.421201678595284,1
10.695163410723342,10.020144495702862,7.0122138732963215,18.209314364951553,6.023047839779281,0
8.920480639381276,8.918218283503352,3.886273651192424,11.400907414904076,10.185339996565768,1
8.443390549195374,12.595459191987807,4.272041246948198,8.05156841109337,7.038688141623509,1
10.391690510195364,7.441335044070369,6.846311769732102,17.574042585906437,4.622073160930077,0
8.043254444769936,7.126708009704506,7.527521418062764,12.515411181104296,6.9002396917437645,0
10.816505511428943,7.951450985280668,5.844321290261532,8.944536406834086,4.907757829874992,1
6.594832791524319,7.242050542914312,3.6802784697469186,15.435191237878145,7.946814831424933,0
12.058311274651288,9.999854754855125,7.980591667549161,17.37952706465603,7.581894728678971,0
10.945194964826086,3.9592234789085303,4.203543653282053,14.633828603636168,8.915679262216536,1
10.51205946862775,5.365793952134115,4.497293328242822,13.626454841452531,5.418236416610869,1
11.965381967891028,5.330492696052017,5.5135067517344325,14.52191330356228,7.068016192456294,1
13.330948888925153,10.37576897993394,7.331240631072161,13.88825171279765,4.2699564091467295,0
12.028740130036262,12.276533431454812,6.280963964828335,10.955858664179498,8.40298956384943,0
6.318251537336709,7.738876953656321,5.622298250542865,12.855957969028704,8.037742360880245,0
7.4408460665285965,7.577945692024973,5.694932795177159,16.563839715041443,7.991610042055141,1
8.750362844608642,8.175130407782953,5.065272002965199,15.9650356241295,7.003238062713883,0
10.052182100421668,10.904695756520477,5.837209271777759,15.504179417900462,7.829545781577582,0
11.035318040938247,5.681617164523565,1.2056598834585452,12.014554554439862,10.208678216617193,1
8.548512373693068,8.595922456836963,4.5550888113953025,14.455490513592999,6.429811485915972,1
10.373533528954157,10.437994074456075,5.361982902375171,8.468804860671437,7.277290367420169,1
8.489234135293355,9.252735424849613,3.2734788745707393,15.53542999165617,4.827747401637181,0
8.776964394016103,8.473954041496858,5.57948497671734,19.286573123440704,5.263478076803335,1
7.186677806303555,10.502615231417852,4.6932931685208175,10.577603603873683,7.195626586186615,0
8.153533507778192,1.241919267501907,7.633213547473235,13.242216980046734,9.207867093403815,0
7.296630788767333,9.69468829882727,7.359529587822284,15.987320336130388,6.487438351496855,1
8.048253494045335,6.364810792181441,4.301291646322756,18.758527903282452,6.528166941375752,1
12.10728359321568,3.423417757858858,4.773743432649957,13.655326151099551,6.18622951099125,1
8.101202222336115,9.278006498812452,4.889078651587411,12.92324901220231,5.930486658311354,1
15.26476412967478,11.434146362907395,4.322510785760566,9.09323057275175,7.589942911417643,1
10.986635801761778,7.656378713430771,5.29253747604219,15.310314387924318,4.005484709642711,0
10.369672247389747,10.382186368007346,3.8625768966686147,21.126228120431232,9.561879153333456,0
8.283284439637573,12.030695644971614,3.3040769975937105,15.832075385894028,5.669155403741079,0
11.400619758817983,11.28728613396012,5.934066835850403,14.93316306244886,8.443806970876283,1
8.848724347524453,12.099911323428483,5.944294376332716,15.966246932300956,4.460002805212248,0
10.244019629290722,9.85531872767973,3.7935263605100116,14.966723988154193,8.337680261092437,1
15.12016907653759,8.188584097253981,6.343033146143899,12.56095688321961,8.343889215628995,1
9.8078802005507,3.995085470257079,4.052633406252003,17.469839747033117,7.768404144011793,0
12.298546652571352,7.384843779675128,5.379747857056972,15.677284569335264,5.011142956400415,0
8.593647149748225,5.891883511709521,6.230516018918684,15.052839755800973,7.499096379196154,1
9.930023019006077,13.427356793744535,4.949581152944431,12.07390191816525,4.6338876305312215,0
13.54160127127102,7.560285468919158,5.682111368211702,18.910523795804277,6.494473489807629,1
8.746065884424466,8.308012016961214,4.225355534168642,16.99410823599933,9.058826201910652,0
13.624897115993857,9.37871344010117,4.705300124857854,13.341237487898095,8.593403854141485,0
11.415503870910952,8.109006115931134,4.69121085367949,18.005474561045812,7.030365885080866,0
8.875066448211465,12.237627601076882,3.8801324801896415,13.507287484844378,5.050386848154316,0
11.264815478111043,6.44337659566387,4.734838755326327,12.653989522466889,8.291175424348387,0
11.94510889925346,8.486518638093107,2.67707255170438,12.720890647559138,7.038762475396051,1
11.243619924434393,6.14382353575488,4.263269379286843,9.686794340735727,2.3593688035391533,0
6.859550560219088,4.699943721948236,4.572686759945494,16.414627141254616,8.565259652633037,0
8.545725648350263,6.4705772727367865,4.61573037125693,9.506565364984949,6.951534332260616,0
9.50496272889699,7.90740800737897,4.637753831193832,11.314668506202711,9.404902495966144,1
9.851133141799908,6.92674443870685,4.907353700209806,8.7732359727644,4.809458962314391,1
11.241344195101355,6.26894755031536,5.7191622771290955,14.74179092162732,0.6465923736079988,1
10.355402001866508,4.484206340820416,6.311775611198784,14.549038619184383,7.55816771669037,1
7.3293112825797975,7.792236068428263,4.0253521597276,14.019911360440908,7.583127353363945,1
10.760395702011927,4.238199064922494,3.195198716916283,11.872266915988272,3.618656744787096,0
11.221171490567647,9.900139909224006,3.4369333816353453,11.48329873969008,5.043000908266787,0
11.119580895862079,8.206099382336259,4.269195618207609,16.39310959063972,12.510435487439803,0
12.161561451109243,4.356121251337674,4.472118023275236,13.348344204874536,6.388778771692393,1
11.667844309097807,7.226977307375341,3.845005900703814,15.949074964608434,8.461917952752433,1
10.918360158456874,6.119608986023542,3.0558250036251584,12.344253941627333,5.698680345263233,0
9.859668577082706,8.79793627604795,4.315818758788717,15.543188228313246,2.8193942022936866,1
6.678078132968017,11.35112611505786,5.272139930170957,18.909834111948193,6.659483506408189,1
10.859236438265171,3.312068825885639,5.892544198753347,16.75849740117835,6.4687908794277895,1
10.415375374326223,8.287565197868544,4.163865420337518,13.76275854535056,6.200243522663257,0
10.543157674390747,7.599668011083399,4.380503266784849,15.771596911067782,6.770718328987215,0
7.446502848359382,9.678350191126164,3.609952536729034,14.278004476409361,7.528536543291273,1
7.837886919183475,8.532991570594223,4.952841244437836,15.023640554084185,6.699766097492387,1
12.106305706665808,6.120076670652953,3.7273570487137784,14.023166843554488,4.4719876641052725,1
9.92088969228669,7.2023651608334545,5.8596917198618,14.506994382343827,7.972369583123878,1
11.363001394745249,6.009935357991278,2.3212002620988335,15.636280059222525,3.1012564893551535,0
10.056636752260923,10.690017846496495,4.460555491321307,12.019923901254149,2.8992850854315995,1
10.059512278991491,8.053279121679855,5.451661008787613,11.952363519030065,8.478360989403136,0
11.876567611951995,12.75297671438252,5.275751774483757,10.834372338506366,8.014040544270713,0
8.967910543565253,7.848347965463448,9.039550495970744,10.19918668648887,6.885209269851928,0
10.192241553881967,6.228983082723843,5.524700036851861,11.348151923338563,4.209102990489856,1
9.075449422589916,4.215714018467932,3.4939181047369847,15.478387520412387,5.584178118651849,0
9.131007545135368,3.4921508093601377,4.85680362936639,12.321637453524348,6.474506504626992,0
9.381655753062722,4.039660142486276,2.335630499800322,16.54084339269329,3.8082120628517733,1
10.444267543267426,8.667816627528708,4.879100376054859,15.104141246257685,5.521942683953534,1
9.042502756673045,9.271812558074835,3.750415914498862,9.09448735968584,8.30466067635336,1
12.511512251147042,4.047023244919666,6.373085413340243,16.964926752665068,9.854610728578432,0
8.210785395560992,10.237595785190289,4.175689588106698,17.43239593677513,6.161130494682899,1
9.626256711677282,6.7923473707914015,4.82485112630713,12.01841197549544,8.512976708632197,0
9.12053788345165,8.366982529963874,4.046663237893394,16.260574628684974,3.1718798588250654,0
12.893955768707466,12.030551570638561,7.608277027779997,12.430505287772403,8.318902482227223,1
10.39310955302315,10.24209828966383,4.518135850823133,15.293011130245006,5.392103170545038,0
12.06368907893727,7.328673380235419,7.748835565218803,11.206504779135102,7.6146912334159405,0
7.028879253926056,5.772019436461782,6.2212276431774,9.62068064239627,6.504495163520581,0
10.534100531738517,2.6204614966767377,5.723100091003079,13.851548431161094,9.640828019567667,0
11.779261591246874,6.202116701893949,5.553099720976279,14.628813161175492,5.2511287033201635,1
10.16456797855085,7.472174402930764,5.590695947324377,13.806960919156188,8.255212595123663,0
12.130960750130702,5.53205118212204,2.108491130981585,11.447908325332321,6.440985073406933,1
8.965423099799256,7.671857582269238,4.5816749087738655,13.800302813606589,6.6833890439806725,0
12.81869488037116,8.192129707396921,6.267736956776482,15.807884257742202,6.6322922136815805,0
14.5977962472385,7.437860045479804,4.926654224788842,14.86532090963239,5.308653791011774,1
9.274322879120682,6.374993547941351,2.8922152297946373,15.54750309179764,6.971802068186657,0
9.108994957198457,8.42163667991682,4.9213933241337955,12.9896543986373,6.874703555756357,0
12.906768954235401,9.104851623923523,7.556158274383237,18.515153744148478,7.482480496813459,0
13.159144291461425,5.274002306392885,6.870337573302079,11.47147999033566,7.169010291385725,0
8.954279945693463,11.527330949365675,4.906993985950953,16.462680891260156,8.595989099224472,0
9.159626365808286,7.753529669289346,6.4271739155871295,18.545673278879885,8.847017232094737,0
9.436430782278986,8.047124057362119,4.450239469447922,16.442724278246686,4.898753356344398,1
7.3110989779314455,9.770536058141392,2.4441926197599217,14.39242731880551,8.737545001181543,1
8.162696107031604,8.583040328158754,3.6133010178056684,13.415108860011063,4.627327145780291,1
7.991718466495865,10.382841584783112,7.344333152762297,18.10826295313877,8.17571177627547,0
8.464404869791743,8.71781041300456,4.589010377256043,10.731075224214981,8.239477569405738,0
9.930630225226437,6.468906563398905,4.634924030937473,12.089627218861068,3.177366216674992,0
10.468429465073042,8.903758813015255,4.550242705587679,13.807326703524836,7.185958493058819,1
13.101000985628154,5.1406844816983455,7.85620488435951,18.712961272535996,6.063007773279368,0
8.003291918522418,8.271399264441309,7.438938373043095,16.139302908122687,5.4824694841292505,1
11.968644796953168,7.916925023388848,8.3281703501722,12.095862724469264,9.701704661398011,0
9.572022311548983,7.479707856818651,4.761432184399923,14.06907688384529,5.692641718725162,0
9.901072580695134,7.678656221402673,5.443436733120643,13.157030567711116,5.3872461417639,0
11.349638984333208,3.295377386255902,2.725036175868813,12.870633023299394,7.1513898800101865,1
7.754555956875403,6.628187730647596,7.215401639177411,17.936668675670337,8.371179492596832,0
10.764819492368101,8.232112252852787,3.2483306730980974,10.884770612209483,6.716702827979746,1
10.332904416426112,8.399640979993501,5.325163345643944,19.82634256720312,9.332741091338505,0
10.984902528016299,5.430812147685105,3.354046208550734,17.48468907055387,8.06195132392818,0
10.578337287815636,11.164269602161752,4.116699759891956,18.272585011811096,2.6435773605371393,1
14.91060027982179,5.834562879463748,3.7441063534254493,13.611181463924225,5.941066072985984,0
8.724520031497368,10.423643001316842,4.088187108986273,14.550177842762672,5.876315801296602,0
8.938006089996364,9.067985904679212,4.191315945276532,10.700544556425864,7.958721906858845,0
8.753718947150471,6.384431725390492,4.177596807612384,13.426012778799592,1.7503658872517764,0
8.88904576167949,12.43827723152378,6.250000867670461,16.480964542929453,12.098019417435445,1
8.725225745386965,5.0159079206088,3.34270581040622,18.88818918534419,8.062052189788421,1
12.378033062215103,10.297885434025003,5.3308121405208,11.678529549592644,7.297753607835382,0
12.84100849597971,10.501455795107447,6.826938728458337,13.903482189044203,9.363135432838293,0
8.858507412501048,6.323449477308388,4.230205453229906,14.546102339302433,11.687308105625249,1
8.335288853791543,11.481163250160822,3.9231216638785975,10.812632393422545,8.741493289176807,0
10.942831112772808,7.374883713502618,4.654213062229624,16.7740477252752,8.89762619294324,1
8.895553911438057,8.721734073199643,6.769587812541065,12.828029004772173,7.261380048928765,0
11.265863635511021,8.650804596928051,5.291161446430037,14.413828946468929,6.716948493266104,1
10.405846041702599,7.66422814632363,4.203178558088602,13.644151884264367,6.048409111990198,1
6.968511770005536,10.027020682899455,5.725814976782059,12.631984482840977,5.347776016570916,1
13.095010402660122,9.983721801380533,3.346561775245365,14.978865043558336,5.625971800601006,1
13.591755346191043,3.628670066904548,6.0220392656644215,14.353171264295932,4.298888071314034,0
8.774422619031228,11.260850607195382,5.612910961552651,13.884426353164002,6.848257098629953,0
9.224596880128031,3.8437700299108144,4.538287293291674,12.814615134958972,3.6306648455472263,1
10.57173078144981,10.581365510854143,3.7421213023291537,15.958574012348866,7.3818330482874215,1
10.668913579974049,10.816762842068957,3.669978616574814,19.960851805476857,6.927338783915316,1
11.31708854534566,5.272583924462005,5.802226004518865,15.419661698517382,7.293870596773376,1
14.0204090775327,6.972964280113538,6.843470753733593,17.988354644733388,5.955736859960015,0
9.6461055450119,5.23573832878516,4.044038379456808,10.829334224539611,13.153720740361006,1
8.403405510923093,7.462697424278161,5.687580055327226,15.473284317881308,9.720231800360626,1
7.241361543970946,7.229914289535647,1.8694594720968967,11.7078950430868,4.510914999830554,1
8.538139920116162,9.949151330673349,4.1230734040142005,10.569225217404295,7.465736174853797,1
9.933746054252406,11.27577186529902,4.953411600693647,12.781885777622891,5.783987714125352,1
13.589115727035576,11.48920952697489,3.6354748745272496,18.575698003240717,4.971040546585172,1
8.964777401927657,6.594579933554245,3.595240437815606,17.850047486008936,4.31985585775213,1
10.447575903277796,7.47694531563868,3.998330665296671,15.7290141661632,7.8644333815185075,0
9.967154207854495,3.7914045194476245,5.43828909248956,10.401898320330208,5.637239529860852,1
12.376786546896168,5.9853248337595275,4.719006472390438,14.41115804583619,8.935652048050407,1
15.053864851747242,10.412129082743643,1.642653150012542,15.905100026705206,8.987564429060878,1
8.938262454159359,12.03895705887058,1.818949771047401,15.526608688735793,9.747828770422899,0
9.021121114963556,4.914127820300195,4.089702233214237,9.468619249557763,5.295226467851792,0
12.088321754138144,6.518839352117764,5.686529879080328,12.329046455940384,7.950731221384021,0
11.363782979252623,7.933985607602683,0.878742735912148,14.80776670755385,8.264908433284601,1
13.693414651472068,8.700402897049017,4.250404735772554,16.60887272855157,6.05164364979207,1
11.167856370651927,5.975991200195885,4.210628215223869,8.41161653670016,5.45645608521425,1
9.28141581842588,9.060152611160223,7.082506667312671,14.513628073560424,10.219041331551946,0
11.181309661384619,6.815401632322709,4.422467282430705,15.429146309636858,7.4549917514641075,1
12.217407161165816,7.963869322804302,5.574483477111393,17.54883596554864,8.271935501423476,0
11.640964362394728,9.36571062000925,5.211885710131195,17.07857275271231,5.355847976344145,0
11.014548062214596,8.016055674527344,1.8041502802891989,16.747713956426416,4.561431066955612,0
12.133349379178307,6.909035273683578,6.152310824947606,12.600178479894197,5.861100451015779,0
12.338591180891346,7.725975490185423,5.323094758184432,9.275993588630078,6.751957225220006,0
12.764317982075054,7.779092601986662,5.762402959511885,13.820841728815797,4.871559986365302,1
11.297419775179286,7.074972425294681,10.889356559654491,18.00489547562568,6.980310382699234,1
9.665763839366292,7.353009843332244,1.8738305907521173,19.180363582573293,3.622989623863,0
10.293427372866645,11.996617926261791,7.587044974641662,17.131647306893356,4.759905155060256,1
12.413017933016715,9.402298619853097,4.568828720899466,16.288022468405202,8.34182249655375,1
8.366128658025527,7.2612992049270995,5.430993356604514,16.138918945157897,8.207581040555787,0
10.737346617745802,9.742386011276839,4.931731632048137,13.331643759717657,6.216246469226268,0
9.213322375345278,7.165451275609975,4.363645499902935,14.60981911933914,4.964471381846094,1
10.057489645869635,10.932811593966603,4.145250607641862,20.00720857747899,4.945192896947978,1
12.556903725214598,8.924105480495236,5.494263103359514,12.172325982624372,6.253463508117372,1
10.382198136039806,7.731744639989428,2.7242394549924813,19.844336372129554,8.289036983290583,1
10.092873096312298,9.119292314525694,6.125868751282648,14.033915536523825,8.856491382688649,0
7.280287718040162,4.072809619828751,4.375708392672119,18.976296327285237,6.006936529036062,1
11.492507132054442,5.183081327725487,3.304895991439463,10.779554971507386,4.693015148030432,0
11.29096836228215,5.015187484002361,4.32498071300628,16.757712603493946,7.535687275732666,0
14.32650944661092,8.357357736909266,6.8857238252938595,12.789689592157135,5.352930058748301,1
9.384443530093998,12.33128749871273,4.196997369475666,10.754198424227438,5.963494722277595,1
10.438300655327877,13.57825036548158,5.53768042731443,15.655602127232838,9.650552180874076,1
10.498767367421511,9.595127753601894,3.90356558642679,18.028415365787907,8.654230857131536,0
13.15490655952695,9.252111187361143,6.1368827748854295,12.46517568421951,7.315948624502903,0
9.809408935226095,3.4973556646181523,6.028261608185306,10.502952118624796,4.456161997774554,0
10.558043051540679,6.643315500664945,7.772913249944617,14.724465706995135,7.422793134941318,0
11.215793019433079,6.030540620229402,4.736654081751177,14.737694013668456,9.125314581575052,1
10.373218246312716,6.44788100437221,6.00298220713686,16.644958882663495,6.248732668468929,0
9.107132770898943,7.579640453538026,5.147101309308417,17.848783714093464,9.70222817997343,0
10.388179985796615,6.819773555757182,6.943807672794522,14.821754456182518,9.585490579036414,1
12.147263499719545,3.0517504740605306,3.9217514185869042,20.566509944382787,10.327465664286947,0
7.9469694011778795,9.869775640293835,6.117507969315922,15.672704233605876,7.610486253062706,0
10.265939348293752,5.318142435650484,4.7079540558249775,13.960720481979301,8.174783399612025,1
8.599758370121654,8.598117160277873,4.9037177343372536,10.165297922691517,9.82837457666218,0
12.390093257849685,13.185206674374934,5.137628726672559,14.212021439051497,7.894787874137951,0
6.95362619043245,5.7015385210339415,5.378360594640016,13.99083916376659,5.997531784419575,0
8.882156305456823,1.674281193134176,4.825656435317063,17.88091438884441,6.102914326944277,0
10.754423750129043,7.284989445299723,5.322069774755789,16.387450872200564,7.4771099075474785,1
13.13104805846868,10.752399087496428,7.367177086343277,11.46189263510215,4.418877156107563,0
9.868499477854025,12.895868635551484,6.478174528422827,15.516763159233113,6.7134821692716145,1
8.889600946613603,4.9261260138689575,6.303731888745345,17.01459351518716,9.193094236460507,0
13.76231413888118,9.241748058091304,4.316690710964194,19.5840940781635,2.617492297669438,1
7.1039721991675115,6.836723858049867,3.6661387576575137,17.66251190224218,10.06896420358903,1
5.602388086759836,7.735129114239661,6.432950837356629,17.282539962934433,9.244748437406319,1
10.880028900106664,14.610858367542587,6.314070188794691,15.180257983845491,6.0804707683390475,0
8.995891551294777,4.2425741790121165,7.209006013626473,16.16493601627035,8.08678165574362,0
7.9575343657385735,8.634349153736434,4.094029061046156,18.748514702118477,7.006295453812653,0
11.416712894598707,9.169232929413583,4.655677016959479,11.00166780756105,9.459980736877366,1
10.487601427542398,10.714465812348369,2.540773756211849,13.951682018349132,8.965366285539883,0
8.871842738526544,8.24495788367724,4.41129334090869,12.682293753731278,4.199858553633982,0
7.439391202658211,8.770126348760256,6.494855765869171,16.137459356178372,8.174524826928353,0
11.74491465656029,7.020878581445523,4.300256931157703,18.690666526952363,6.588744292713505,0
11.300402355917322,8.672817353112768,5.960719692801236,13.20907713983678,7.1656651410362,1
9.801648272441234,7.142019311256474,4.7142453410032825,7.8290868975916865,5.5436561980603685,1
13.693273992095332,9.553929724640128,5.486085542332341,13.76333776492659,10.49627413824167,0
7.859830467347695,7.075974159890915,3.2784629152764992,17.74042119605222,9.080123639805151,0
6.948949658150522,8.942750984755467,5.127814174450852,16.61288970884964,5.520457672054065,0
8.616183860237511,7.9268429657875545,0.5132960436489151,16.284558743431727,4.330778786179534,1
9.908827967289005,10.81512562693042,4.719655762757022,14.160020094376561,6.228654738044304,0
10.486678898645383,7.871515691028784,2.5542901344272897,11.16290779134064,7.869005292182612,1
9.51752788428734,3.567418829482796,6.808991774820224,16.545882964873403,7.480411687892446,1
10.704110793028594,11.154803751784979,6.166111029146767,12.497154569896125,9.506265649536488,0
7.496921151619112,5.735669247843452,5.700006472949122,21.552290200141368,8.579839444361705,0
12.88752920814652,6.3655841533779505,7.2815093407390705,16.711521625063547,8.939138051505815,0
9.835697643214862,6.510846764891269,3.576625218762744,13.258055092338147,7.653710801220875,1
12.234591663176255,11.436095232927043,7.6210447968733375,13.165844257834115,4.221402539578019,1
10.685450692755408,2.660814465053261,6.398287346390577,14.721167380159235,6.6086029377061974,0
10.913506438307568,15.844371334149985,4.645167069171581,14.281494233934751,9.120179479817331,1
11.139534560464408,10.64014202266513,6.7034302207744165,18.350501326589864,6.896954142950708,0
10.89541712003463,8.5580972853229,3.3405597313825486,15.55924850923214,8.006180737247494,0
11.285445519735088,7.8627649984592844,3.7632287577084895,12.805104783274416,6.362503369507734,1
12.658305060264862,8.713885187144143,4.087115415140449,20.67132205546735,4.9403763029163095,1
10.39304233940294,9.302806070948346,4.206533437903977,15.147924994560668,6.753311871907779,1
11.418007515177024,9.613038964875143,3.415163535859621,17.306519027906692,7.6180948860653075,1
9.820528611425546,9.389011165008622,6.834624600642988,13.175320477665721,5.688624561077113,0
12.880234430898945,8.223951703138122,4.611718399445253,16.08934688323357,6.528577510286663,0
8.64721539588146,7.506653949231684,5.528757452535319,15.933329973429586,5.1210735160280345,0
13.60188086582163,7.62181679086622,4.1444729503794795,9.33105212371154,9.238489835128192,1
9.919684098711313,7.5127292991182975,2.269095049177224,21.04582533138192,6.411088484823932,0
7.138449795763904,10.834425242167661,5.405086037587133,18.87193338276764,9.905511090252366,1
10.256208829821578,9.483891805702154,2.1316175368703347,13.808414051562037,10.057495701081816,1
8.637896685050238,0.6490284133392992,4.897048930871797,11.693190778632435,6.837908070556512,1
11.681287097977448,9.639751941324402,2.9475274417507844,16.042684841410654,4.983102534905301,0
8.694752041395219,8.486840486796938,7.980913998846212,15.260093098243189,2.8282042445333255,1
9.10763313357044,7.9532281088852566,6.3670440832620825,16.06700684568969,4.055925853946417,1
6.220918538108938,7.028703867277786,5.1586306869072205,15.574732188582269,4.25233035020268,1
9.095387361501846,10.810281799965033,6.895560016482003,16.51872296791778,9.75693925492301,1
5.152241346742087,10.368816155307144,3.730526033801396,19.34191709817542,7.231649174453892,1
6.832194353028553,6.067805830440977,5.815219068005139,16.704309615385938,7.779209048183976,1
11.520829312288594,9.017630717811338,5.2997156505780705,11.851033503270177,2.559157982129748,1
11.571600317301664,5.570858163646784,5.396030122000505,19.087688558137355,4.604067141565476,1
10.85091512356993,4.550954588027674,6.908530250160152,19.92184369046486,8.774159552892574,1
8.066047713741574,6.433206938525087,6.098738154169704,24.456170203536253,7.573548224765172,1
9.904577287716041,10.155983680956897,5.433085494237535,11.629517900281206,6.705589442628805,1
9.992794921818863,10.382812613440217,2.517668845657556,15.728646039450824,8.129684717200245,1
7.6832706216149145,9.282713550243233,3.559930557080804,8.753703890433037,10.27159561227163,0
13.006796603534301,9.812739467119993,4.815936599606414,16.65944746913763,6.557915072925899,0
11.754724581151343,9.290445717787396,5.1400585614149765,13.355399105499682,7.138739605316139,1
9.558071652340672,6.396296011942619,3.3046944129891145,20.77033738447486,7.3851938374626105,1
10.053771677989062,9.079806361684852,8.617515013367631,12.676155089944254,11.784219270547986,1
10.416765615895105,10.001023813069207,7.2745910828803595,9.932450886098215,2.801287471161949,0
5.916530263151419,9.885728324533936,5.903177480588726,13.586208777892441,8.366446029577617,0
9.505645234958806,10.972283428686607,5.108055291925617,9.073536686348588,6.770395502481873,0
8.636031504004404,9.770759618002659,4.681686545148272,17.25329836352193,8.13354345236836,1
7.996759980210169,8.878620518853957,3.5721223099666464,8.804750861231039,5.685254892010551,1
9.43779941422809,10.675375595791069,5.1162207777782935,15.085372743549476,6.902069938283099,1
13.595373053699046,7.933696851877349,5.386628810214126,8.76656454043141,8.42282115893099,1
11.28168572253402,5.795313371930705,3.1373591367775635,14.039106586390075,13.225820402087681,0
8.857642020434406,7.5923325901405905,5.501264625867346,19.930134467413602,8.616072378804143,1
11.145165562712318,6.137743387983877,4.7671114267628765,16.081943674307386,5.3038688039389825,0
